Category: 📺央视频道, Name: CCTV-1, Total: 1, Valid: 1, Valid Percent: 100.00%, Whitelist: 0, IPv4: 1, IPv6: 0, Min Delay: 746 ms, Max Speed: 3.57 M/s, Avg Speed: 3.57 M/s, Max Resolution: 1920x1080
Category: 📺央视频道, Name: CCTV-2, Total: 3, Valid: 3, Valid Percent: 100.00%, Whitelist: 0, IPv4: 3, IPv6: 0, Min Delay: 230 ms, Max Speed: 6.97 M/s, Avg Speed: 4.92 M/s, Max Resolution: 1920x1080
Category: 📺央视频道, Name: CCTV-3, Total: 2, Valid: 2, Valid Percent: 100.00%, Whitelist: 0, IPv4: 2, IPv6: 0, Min Delay: 791 ms, Max Speed: 4.75 M/s, Avg Speed: 3.63 M/s, Max Resolution: 1920x1080
Category: 📺央视频道, Name: CCTV-5+, Total: 1, Valid: 1, Valid Percent: 100.00%, Whitelist: 0, IPv4: 1, IPv6: 0, Min Delay: 69 ms, Max Speed: 14.21 M/s, Avg Speed: 14.21 M/s, Max Resolution: 1920x1080
Category: 📺央视频道, Name: CCTV-4, Total: 1, Valid: 1, Valid Percent: 100.00%, Whitelist: 0, IPv4: 1, IPv6: 0, Min Delay: 873 ms, Max Speed: 4.84 M/s, Avg Speed: 4.84 M/s, Max Resolution: 1920x1080
Category: 📺央视频道, Name: CCTV-6, Total: 1, Valid: 1, Valid Percent: 100.00%, Whitelist: 0, IPv4: 1, IPv6: 0, Min Delay: 755 ms, Max Speed: 4.38 M/s, Avg Speed: 4.38 M/s, Max Resolution: 1920x1080
Category: 📺央视频道, Name: CCTV-7, Total: 2, Valid: 2, Valid Percent: 100.00%, Whitelist: 0, IPv4: 2, IPv6: 0, Min Delay: 614 ms, Max Speed: 5.04 M/s, Avg Speed: 4.49 M/s, Max Resolution: 1920x1080
Category: 📺央视频道, Name: CCTV-8, Total: 1, Valid: 1, Valid Percent: 100.00%, Whitelist: 0, IPv4: 1, IPv6: 0, Min Delay: 777 ms, Max Speed: 4.36 M/s, Avg Speed: 4.36 M/s, Max Resolution: 1920x1080
Category: 📺央视频道, Name: CCTV-9, Total: 2, Valid: 2, Valid Percent: 100.00%, Whitelist: 0, IPv4: 2, IPv6: 0, Min Delay: 804 ms, Max Speed: 5.68 M/s, Avg Speed: 4.89 M/s, Max Resolution: 1920x1080
Category: 📺央视频道, Name: CCTV-10, Total: 3, Valid: 3, Valid Percent: 100.00%, Whitelist: 0, IPv4: 3, IPv6: 0, Min Delay: 471 ms, Max Speed: 4.69 M/s, Avg Speed: 4.11 M/s, Max Resolution: 1920x1080
Category: 📺央视频道, Name: CCTV-5, Total: 6, Valid: 6, Valid Percent: 100.00%, Whitelist: 0, IPv4: 6, IPv6: 0, Min Delay: 55 ms, Max Speed: 17.59 M/s, Avg Speed: 5.59 M/s, Max Resolution: 1920x1080
Category: 📺央视频道, Name: CCTV-12, Total: 2, Valid: 2, Valid Percent: 100.00%, Whitelist: 0, IPv4: 2, IPv6: 0, Min Delay: 643 ms, Max Speed: 6.20 M/s, Avg Speed: 4.87 M/s, Max Resolution: 1920x1080
Category: 📺央视频道, Name: CCTV-13, Total: 1, Valid: 1, Valid Percent: 100.00%, Whitelist: 0, IPv4: 1, IPv6: 0, Min Delay: 931 ms, Max Speed: 5.20 M/s, Avg Speed: 5.20 M/s, Max Resolution: 1920x1080
Category: 📺央视频道, Name: CCTV-14, Total: 3, Valid: 3, Valid Percent: 100.00%, Whitelist: 0, IPv4: 3, IPv6: 0, Min Delay: 507 ms, Max Speed: 6.00 M/s, Avg Speed: 4.54 M/s, Max Resolution: 1920x1080
Category: 📺央视频道, Name: CCTV-15, Total: 3, Valid: 3, Valid Percent: 100.00%, Whitelist: 0, IPv4: 3, IPv6: 0, Min Delay: 471 ms, Max Speed: 6.24 M/s, Avg Speed: 4.48 M/s, Max Resolution: 1920x1080
Category: 📺央视频道, Name: CCTV-16, Total: 2, Valid: 2, Valid Percent: 100.00%, Whitelist: 0, IPv4: 2, IPv6: 0, Min Delay: 441 ms, Max Speed: 5.62 M/s, Avg Speed: 5.62 M/s, Max Resolution: 1920x1080
Category: 📺央视频道, Name: CCTV-17, Total: 3, Valid: 3, Valid Percent: 100.00%, Whitelist: 0, IPv4: 3, IPv6: 0, Min Delay: 449 ms, Max Speed: 6.56 M/s, Avg Speed: 5.09 M/s, Max Resolution: 1920x1080
Category: 💰央视付费频道, Name: 风云剧场, Total: 1, Valid: 1, Valid Percent: 100.00%, Whitelist: 0, IPv4: 1, IPv6: 0, Min Delay: 442 ms, Max Speed: 5.37 M/s, Avg Speed: 5.37 M/s, Max Resolution: 1920x1080
Category: 💰央视付费频道, Name: 文化精品, Total: 1, Valid: 1, Valid Percent: 100.00%, Whitelist: 0, IPv4: 1, IPv6: 0, Min Delay: 575 ms, Max Speed: 7.84 M/s, Avg Speed: 7.84 M/s, Max Resolution: 1920x1080
Category: 📺央视频道, Name: CCTV-11, Total: 2, Valid: 2, Valid Percent: 100.00%, Whitelist: 0, IPv4: 2, IPv6: 0, Min Delay: 442 ms, Max Speed: 5.00 M/s, Avg Speed: 3.63 M/s, Max Resolution: 1920x1080
Category: 💰央视付费频道, Name: 女性时尚, Total: 1, Valid: 1, Valid Percent: 100.00%, Whitelist: 0, IPv4: 1, IPv6: 0, Min Delay: 486 ms, Max Speed: 4.32 M/s, Avg Speed: 4.32 M/s, Max Resolution: 1920x1080
Category: 💰央视付费频道, Name: 高尔夫网球, Total: 1, Valid: 1, Valid Percent: 100.00%, Whitelist: 0, IPv4: 1, IPv6: 0, Min Delay: 648 ms, Max Speed: 6.62 M/s, Avg Speed: 6.62 M/s, Max Resolution: 1920x1080
Category: 💰央视付费频道, Name: 世界地理, Total: 1, Valid: 1, Valid Percent: 100.00%, Whitelist: 0, IPv4: 1, IPv6: 0, Min Delay: 518 ms, Max Speed: 10.21 M/s, Avg Speed: 10.21 M/s, Max Resolution: 1920x1080
Category: 💰央视付费频道, Name: 风云足球, Total: 1, Valid: 1, Valid Percent: 100.00%, Whitelist: 0, IPv4: 1, IPv6: 0, Min Delay: 421 ms, Max Speed: 10.07 M/s, Avg Speed: 10.07 M/s, Max Resolution: 1920x1080
Category: 📡卫视频道, Name: 广东卫视, Total: 2, Valid: 2, Valid Percent: 100.00%, Whitelist: 0, IPv4: 2, IPv6: 0, Min Delay: 385 ms, Max Speed: 5.06 M/s, Avg Speed: 4.39 M/s, Max Resolution: 1920x1080
Category: 📡卫视频道, Name: 浙江卫视, Total: 4, Valid: 4, Valid Percent: 100.00%, Whitelist: 0, IPv4: 4, IPv6: 0, Min Delay: 155 ms, Max Speed: 26.97 M/s, Avg Speed: 10.80 M/s, Max Resolution: 1920x1080
Category: 📺央视频道, Name: CETV-1, Total: 2, Valid: 2, Valid Percent: 100.00%, Whitelist: 0, IPv4: 2, IPv6: 0, Min Delay: 526 ms, Max Speed: 0.11 M/s, Avg Speed: 0.06 M/s, Max Resolution: 1920x1080
Category: 💰央视付费频道, Name: 风云音乐, Total: 1, Valid: 1, Valid Percent: 100.00%, Whitelist: 0, IPv4: 1, IPv6: 0, Min Delay: 1416 ms, Max Speed: 0.02 M/s, Avg Speed: 0.02 M/s, Max Resolution: 1920x1080
Category: 💰央视付费频道, Name: 第一剧场, Total: 1, Valid: 1, Valid Percent: 100.00%, Whitelist: 0, IPv4: 1, IPv6: 0, Min Delay: 1418 ms, Max Speed: 0.03 M/s, Avg Speed: 0.03 M/s, Max Resolution: 1920x1080
Category: 💰央视付费频道, Name: 怀旧剧场, Total: 2, Valid: 2, Valid Percent: 100.00%, Whitelist: 0, IPv4: 2, IPv6: 0, Min Delay: 378 ms, Max Speed: 5.65 M/s, Avg Speed: 2.88 M/s, Max Resolution: 1920x1080
Category: 📺央视频道, Name: CETV-4, Total: 1, Valid: 1, Valid Percent: 100.00%, Whitelist: 0, IPv4: 1, IPv6: 0, Min Delay: 556 ms, Max Speed: 0.01 M/s, Avg Speed: 0.01 M/s, Max Resolution: 1920x1080
Category: 💰央视付费频道, Name: 电视指南, Total: 2, Valid: 2, Valid Percent: 100.00%, Whitelist: 0, IPv4: 2, IPv6: 0, Min Delay: 381 ms, Max Speed: 2.56 M/s, Avg Speed: 1.30 M/s, Max Resolution: 1920x1080
Category: 📡卫视频道, Name: 北京卫视, Total: 3, Valid: 3, Valid Percent: 100.00%, Whitelist: 0, IPv4: 3, IPv6: 0, Min Delay: 18 ms, Max Speed: 11.40 M/s, Avg Speed: 6.61 M/s, Max Resolution: 1920x1080
Category: 📡卫视频道, Name: 湖北卫视, Total: 2, Valid: 2, Valid Percent: 100.00%, Whitelist: 0, IPv4: 2, IPv6: 0, Min Delay: 377 ms, Max Speed: 6.48 M/s, Avg Speed: 4.79 M/s, Max Resolution: 1920x1080
Category: 📡卫视频道, Name: 安徽卫视, Total: 2, Valid: 2, Valid Percent: 100.00%, Whitelist: 0, IPv4: 2, IPv6: 0, Min Delay: 459 ms, Max Speed: 8.63 M/s, Avg Speed: 6.24 M/s, Max Resolution: 1920x1080
Category: 📡卫视频道, Name: 东方卫视, Total: 3, Valid: 3, Valid Percent: 100.00%, Whitelist: 0, IPv4: 3, IPv6: 0, Min Delay: 488 ms, Max Speed: 7.68 M/s, Avg Speed: 5.20 M/s, Max Resolution: 1920x1080
Category: 💰央视付费频道, Name: 兵器科技, Total: 2, Valid: 2, Valid Percent: 100.00%, Whitelist: 0, IPv4: 2, IPv6: 0, Min Delay: 420 ms, Max Speed: 9.63 M/s, Avg Speed: 4.82 M/s, Max Resolution: 1920x1080
Category: 📡卫视频道, Name: 甘肃卫视, Total: 1, Valid: 1, Valid Percent: 100.00%, Whitelist: 0, IPv4: 1, IPv6: 0, Min Delay: 499 ms, Max Speed: 6.50 M/s, Avg Speed: 6.50 M/s, Max Resolution: 1920x1080
Category: 📡卫视频道, Name: 广西卫视, Total: 3, Valid: 3, Valid Percent: 100.00%, Whitelist: 0, IPv4: 3, IPv6: 0, Min Delay: 514 ms, Max Speed: 6.48 M/s, Avg Speed: 4.51 M/s, Max Resolution: 1920x1080
Category: 📡卫视频道, Name: 东南卫视, Total: 2, Valid: 2, Valid Percent: 100.00%, Whitelist: 0, IPv4: 2, IPv6: 0, Min Delay: 387 ms, Max Speed: 5.61 M/s, Avg Speed: 3.73 M/s, Max Resolution: 1920x1080
Category: 📡卫视频道, Name: 河北卫视, Total: 1, Valid: 1, Valid Percent: 100.00%, Whitelist: 0, IPv4: 1, IPv6: 0, Min Delay: 700 ms, Max Speed: 2.99 M/s, Avg Speed: 2.99 M/s, Max Resolution: 1920x1080
Category: 📡卫视频道, Name: 河南卫视, Total: 1, Valid: 1, Valid Percent: 100.00%, Whitelist: 0, IPv4: 1, IPv6: 0, Min Delay: 80 ms, Max Speed: 7.85 M/s, Avg Speed: 7.85 M/s, Max Resolution: 1920x1080
Category: 📡卫视频道, Name: 江苏卫视, Total: 1, Valid: 1, Valid Percent: 100.00%, Whitelist: 0, IPv4: 1, IPv6: 0, Min Delay: 471 ms, Max Speed: 6.76 M/s, Avg Speed: 6.76 M/s, Max Resolution: 1920x1080
Category: 📡卫视频道, Name: 吉林卫视, Total: 2, Valid: 2, Valid Percent: 100.00%, Whitelist: 0, IPv4: 2, IPv6: 0, Min Delay: 563 ms, Max Speed: 7.59 M/s, Avg Speed: 4.96 M/s, Max Resolution: 1920x1080
Category: 📡卫视频道, Name: 贵州卫视, Total: 2, Valid: 2, Valid Percent: 100.00%, Whitelist: 0, IPv4: 2, IPv6: 0, Min Delay: 407 ms, Max Speed: 7.98 M/s, Avg Speed: 5.31 M/s, Max Resolution: 1920x1080
Category: 📡卫视频道, Name: 江西卫视, Total: 1, Valid: 1, Valid Percent: 100.00%, Whitelist: 0, IPv4: 1, IPv6: 0, Min Delay: 749 ms, Max Speed: 3.97 M/s, Avg Speed: 3.97 M/s, Max Resolution: 1920x1080
Category: 📡卫视频道, Name: 重庆卫视, Total: 2, Valid: 2, Valid Percent: 100.00%, Whitelist: 0, IPv4: 2, IPv6: 0, Min Delay: 742 ms, Max Speed: 3.30 M/s, Avg Speed: 2.01 M/s, Max Resolution: 1920x1080
Category: 📡卫视频道, Name: 辽宁卫视, Total: 2, Valid: 2, Valid Percent: 100.00%, Whitelist: 0, IPv4: 2, IPv6: 0, Min Delay: 542 ms, Max Speed: 4.31 M/s, Avg Speed: 3.82 M/s, Max Resolution: 1920x1080
Category: 📡卫视频道, Name: 宁夏卫视, Total: 1, Valid: 1, Valid Percent: 100.00%, Whitelist: 0, IPv4: 1, IPv6: 0, Min Delay: 589 ms, Max Speed: 7.43 M/s, Avg Speed: 7.43 M/s, Max Resolution: 1920x1080
Category: 📡卫视频道, Name: 山东卫视, Total: 1, Valid: 1, Valid Percent: 100.00%, Whitelist: 0, IPv4: 1, IPv6: 0, Min Delay: 513 ms, Max Speed: 6.42 M/s, Avg Speed: 6.42 M/s, Max Resolution: 1920x1080
Category: 📡卫视频道, Name: 青海卫视, Total: 2, Valid: 2, Valid Percent: 100.00%, Whitelist: 0, IPv4: 2, IPv6: 0, Min Delay: 688 ms, Max Speed: 6.67 M/s, Avg Speed: 4.60 M/s, Max Resolution: 1920x1080
Category: 📡卫视频道, Name: 内蒙古卫视, Total: 1, Valid: 1, Valid Percent: 100.00%, Whitelist: 0, IPv4: 1, IPv6: 0, Min Delay: 1569 ms, Max Speed: 2.19 M/s, Avg Speed: 2.19 M/s, Max Resolution: 1920x1080
Category: 📡卫视频道, Name: 山西卫视, Total: 2, Valid: 2, Valid Percent: 100.00%, Whitelist: 0, IPv4: 2, IPv6: 0, Min Delay: 472 ms, Max Speed: 4.29 M/s, Avg Speed: 3.75 M/s, Max Resolution: 1920x1080
Category: 📡卫视频道, Name: 陕西卫视, Total: 1, Valid: 1, Valid Percent: 100.00%, Whitelist: 0, IPv4: 1, IPv6: 0, Min Delay: 1236 ms, Max Speed: 3.44 M/s, Avg Speed: 3.44 M/s, Max Resolution: 1920x1080
Category: 📡卫视频道, Name: 三沙卫视, Total: 1, Valid: 1, Valid Percent: 100.00%, Whitelist: 0, IPv4: 1, IPv6: 0, Min Delay: 718 ms, Max Speed: 7.83 M/s, Avg Speed: 7.83 M/s, Max Resolution: 1920x1080
Category: 📡卫视频道, Name: 深圳卫视, Total: 3, Valid: 3, Valid Percent: 100.00%, Whitelist: 0, IPv4: 3, IPv6: 0, Min Delay: 498 ms, Max Speed: 8.53 M/s, Avg Speed: 6.38 M/s, Max Resolution: 1920x1080
Category: 📡卫视频道, Name: 天津卫视, Total: 2, Valid: 2, Valid Percent: 100.00%, Whitelist: 0, IPv4: 2, IPv6: 0, Min Delay: 534 ms, Max Speed: 8.07 M/s, Avg Speed: 5.36 M/s, Max Resolution: 1920x1080
Category: 📡卫视频道, Name: 云南卫视, Total: 2, Valid: 2, Valid Percent: 100.00%, Whitelist: 0, IPv4: 2, IPv6: 0, Min Delay: 595 ms, Max Speed: 5.50 M/s, Avg Speed: 4.06 M/s, Max Resolution: 1920x1080
Category: 📡卫视频道, Name: 湖南卫视, Total: 9, Valid: 8, Valid Percent: 88.89%, Whitelist: 0, IPv4: 9, IPv6: 0, Min Delay: 18 ms, Max Speed: 7.99 M/s, Avg Speed: 3.19 M/s, Max Resolution: 3840x2160
Category: 📡卫视频道, Name: 四川卫视, Total: 4, Valid: 4, Valid Percent: 100.00%, Whitelist: 0, IPv4: 4, IPv6: 0, Min Delay: 415 ms, Max Speed: 5.57 M/s, Avg Speed: 2.81 M/s, Max Resolution: 3840x2160
Category: ☘️浙江频道, Name: 浙江钱江都市, Total: 1, Valid: 1, Valid Percent: 100.00%, Whitelist: 0, IPv4: 1, IPv6: 0, Min Delay: 1949 ms, Max Speed: 1.03 M/s, Avg Speed: 1.03 M/s, Max Resolution: 1920x1080
Category: ☘️广东频道, Name: 江门侨乡生活, Total: 5, Valid: 0, Valid Percent: 0.00%, Whitelist: 0, IPv4: 5, IPv6: 0, Min Delay: -1 ms, Max Speed: 0.00 M/s, Avg Speed: 0.00 M/s, Max Resolution: 1920x1080
Category: ☘️广东频道, Name: 汕头文旅, Total: 7, Valid: 0, Valid Percent: 0.00%, Whitelist: 0, IPv4: 7, IPv6: 0, Min Delay: -1 ms, Max Speed: 0.00 M/s, Avg Speed: 0.00 M/s, Max Resolution: None
Category: ☘️广东频道, Name: 茂名综合, Total: 5, Valid: 0, Valid Percent: 0.00%, Whitelist: 0, IPv4: 5, IPv6: 0, Min Delay: -1 ms, Max Speed: 0.00 M/s, Avg Speed: 0.00 M/s, Max Resolution: 1920x1080
Category: ☘️浙江频道, Name: 嘉兴公共, Total: 1, Valid: 0, Valid Percent: 0.00%, Whitelist: 0, IPv4: 1, IPv6: 0, Min Delay: -1 ms, Max Speed: 0.00 M/s, Avg Speed: 0.00 M/s, Max Resolution: 1920x1080
Category: ☘️浙江频道, Name: 嘉兴文化影视, Total: 1, Valid: 0, Valid Percent: 0.00%, Whitelist: 0, IPv4: 1, IPv6: 0, Min Delay: -1 ms, Max Speed: 0.00 M/s, Avg Speed: 0.00 M/s, Max Resolution: 1920x1080
Category: ☘️广东频道, Name: 茂名公共, Total: 5, Valid: 0, Valid Percent: 0.00%, Whitelist: 0, IPv4: 5, IPv6: 0, Min Delay: -1 ms, Max Speed: 0.00 M/s, Avg Speed: 0.00 M/s, Max Resolution: 1920x1080
Category: ☘️浙江频道, Name: 湖州新闻综合, Total: 4, Valid: 4, Valid Percent: 100.00%, Whitelist: 0, IPv4: 4, IPv6: 0, Min Delay: 1036 ms, Max Speed: 0.14 M/s, Avg Speed: 0.13 M/s, Max Resolution: 1280x720
Category: ☘️浙江频道, Name: 衢州公共, Total: 1, Valid: 0, Valid Percent: 0.00%, Whitelist: 0, IPv4: 1, IPv6: 0, Min Delay: -1 ms, Max Speed: 0.00 M/s, Avg Speed: 0.00 M/s, Max Resolution: None
Category: ☘️浙江频道, Name: 金华教育科技, Total: 1, Valid: 0, Valid Percent: 0.00%, Whitelist: 0, IPv4: 1, IPv6: 0, Min Delay: -1 ms, Max Speed: 0.00 M/s, Avg Speed: 0.00 M/s, Max Resolution: None
Category: ☘️浙江频道, Name: 金华新闻综合, Total: 1, Valid: 0, Valid Percent: 0.00%, Whitelist: 0, IPv4: 1, IPv6: 0, Min Delay: -1 ms, Max Speed: 0.00 M/s, Avg Speed: 0.00 M/s, Max Resolution: None
Category: ☘️浙江频道, Name: 金华公共, Total: 1, Valid: 0, Valid Percent: 0.00%, Whitelist: 0, IPv4: 1, IPv6: 0, Min Delay: -1 ms, Max Speed: 0.00 M/s, Avg Speed: 0.00 M/s, Max Resolution: None
Category: ☘️浙江频道, Name: 杭州青少, Total: 4, Valid: 0, Valid Percent: 0.00%, Whitelist: 0, IPv4: 4, IPv6: 0, Min Delay: -1 ms, Max Speed: 0.00 M/s, Avg Speed: 0.00 M/s, Max Resolution: 1920x1080
Category: ☘️浙江频道, Name: 舟山新闻综合, Total: 2, Valid: 0, Valid Percent: 0.00%, Whitelist: 0, IPv4: 2, IPv6: 0, Min Delay: -1 ms, Max Speed: 0.00 M/s, Avg Speed: 0.00 M/s, Max Resolution: 1920x1080
Category: ☘️浙江频道, Name: 湖州文化娱乐, Total: 3, Valid: 3, Valid Percent: 100.00%, Whitelist: 0, IPv4: 3, IPv6: 0, Min Delay: 1158 ms, Max Speed: 0.17 M/s, Avg Speed: 0.15 M/s, Max Resolution: 1280x720
Category: ☘️浙江频道, Name: 宁波TV2, Total: 2, Valid: 0, Valid Percent: 0.00%, Whitelist: 0, IPv4: 2, IPv6: 0, Min Delay: -1 ms, Max Speed: 0.00 M/s, Avg Speed: 0.00 M/s, Max Resolution: 1920x1080
Category: ☘️浙江频道, Name: 杭州导视, Total: 3, Valid: 0, Valid Percent: 0.00%, Whitelist: 0, IPv4: 3, IPv6: 0, Min Delay: -1 ms, Max Speed: 0.00 M/s, Avg Speed: 0.00 M/s, Max Resolution: 1920x1080
Category: ☘️浙江频道, Name: 宁波TV1, Total: 2, Valid: 0, Valid Percent: 0.00%, Whitelist: 0, IPv4: 2, IPv6: 0, Min Delay: -1 ms, Max Speed: 0.00 M/s, Avg Speed: 0.00 M/s, Max Resolution: 1920x1080
Category: ☘️浙江频道, Name: 舟山公共, Total: 1, Valid: 0, Valid Percent: 0.00%, Whitelist: 0, IPv4: 1, IPv6: 0, Min Delay: -1 ms, Max Speed: 0.00 M/s, Avg Speed: 0.00 M/s, Max Resolution: 1920x1080
Category: ☘️浙江频道, Name: 金华都市农村, Total: 1, Valid: 0, Valid Percent: 0.00%, Whitelist: 0, IPv4: 1, IPv6: 0, Min Delay: -1 ms, Max Speed: 0.00 M/s, Avg Speed: 0.00 M/s, Max Resolution: None
Category: ☘️浙江频道, Name: 舟山群岛旅游, Total: 1, Valid: 0, Valid Percent: 0.00%, Whitelist: 0, IPv4: 1, IPv6: 0, Min Delay: -1 ms, Max Speed: 0.00 M/s, Avg Speed: 0.00 M/s, Max Resolution: None
Category: ☘️浙江频道, Name: 象山综合, Total: 1, Valid: 1, Valid Percent: 100.00%, Whitelist: 0, IPv4: 1, IPv6: 0, Min Delay: 712 ms, Max Speed: 1.99 M/s, Avg Speed: 1.99 M/s, Max Resolution: 1920x1080
Category: ☘️浙江频道, Name: 宁波TV4, Total: 2, Valid: 0, Valid Percent: 0.00%, Whitelist: 0, IPv4: 2, IPv6: 0, Min Delay: -1 ms, Max Speed: 0.00 M/s, Avg Speed: 0.00 M/s, Max Resolution: 1920x1080
Category: ☘️浙江频道, Name: 宁波TV3, Total: 2, Valid: 0, Valid Percent: 0.00%, Whitelist: 0, IPv4: 2, IPv6: 0, Min Delay: -1 ms, Max Speed: 0.00 M/s, Avg Speed: 0.00 M/s, Max Resolution: 1920x1080
Category: ☘️浙江频道, Name: 浙江数码时代, Total: 1, Valid: 1, Valid Percent: 100.00%, Whitelist: 0, IPv4: 1, IPv6: 0, Min Delay: 2112 ms, Max Speed: 2.92 M/s, Avg Speed: 2.92 M/s, Max Resolution: 1920x1080
Category: ☘️浙江频道, Name: 湖州公共民生, Total: 2, Valid: 1, Valid Percent: 50.00%, Whitelist: 0, IPv4: 2, IPv6: 0, Min Delay: 1054 ms, Max Speed: 0.14 M/s, Avg Speed: 0.14 M/s, Max Resolution: 1280x720
Category: ☘️浙江频道, Name: 浙江青田, Total: 1, Valid: 1, Valid Percent: 100.00%, Whitelist: 0, IPv4: 1, IPv6: 0, Min Delay: 3592 ms, Max Speed: 0.78 M/s, Avg Speed: 0.78 M/s, Max Resolution: 1920x1080
Category: ☘️浙江频道, Name: 鄞州一套, Total: 1, Valid: 0, Valid Percent: 0.00%, Whitelist: 0, IPv4: 1, IPv6: 0, Min Delay: -1 ms, Max Speed: 0.00 M/s, Avg Speed: 0.00 M/s, Max Resolution: None
Category: ☘️北京频道, Name: 北京科教, Total: 1, Valid: 1, Valid Percent: 100.00%, Whitelist: 0, IPv4: 1, IPv6: 0, Min Delay: 8 ms, Max Speed: 18.33 M/s, Avg Speed: 18.33 M/s, Max Resolution: 19x24
Category: ☘️浙江频道, Name: 义乌新闻综合, Total: 1, Valid: 0, Valid Percent: 0.00%, Whitelist: 0, IPv4: 1, IPv6: 0, Min Delay: -1 ms, Max Speed: 0.00 M/s, Avg Speed: 0.00 M/s, Max Resolution: 960x540
Category: ☘️浙江频道, Name: 海宁新闻综合, Total: 3, Valid: 3, Valid Percent: 100.00%, Whitelist: 0, IPv4: 3, IPv6: 0, Min Delay: 251 ms, Max Speed: 0.52 M/s, Avg Speed: 0.37 M/s, Max Resolution: 1280x720
Category: ☘️北京频道, Name: 北京新闻, Total: 1, Valid: 1, Valid Percent: 100.00%, Whitelist: 0, IPv4: 1, IPv6: 0, Min Delay: 25 ms, Max Speed: 4.30 M/s, Avg Speed: 4.30 M/s, Max Resolution: None
Category: ☘️浙江频道, Name: 鄞州二套, Total: 1, Valid: 0, Valid Percent: 0.00%, Whitelist: 0, IPv4: 1, IPv6: 0, Min Delay: -1 ms, Max Speed: 0.00 M/s, Avg Speed: 0.00 M/s, Max Resolution: None
Category: ☘️上海频道, Name: 嘉定电视台, Total: 1, Valid: 0, Valid Percent: 0.00%, Whitelist: 0, IPv4: 1, IPv6: 0, Min Delay: -1 ms, Max Speed: 0.00 M/s, Avg Speed: 0.00 M/s, Max Resolution: 1280x720
Category: ☘️上海频道, Name: 崇明电视台, Total: 2, Valid: 0, Valid Percent: 0.00%, Whitelist: 0, IPv4: 2, IPv6: 0, Min Delay: -1 ms, Max Speed: 0.00 M/s, Avg Speed: 0.00 M/s, Max Resolution: None
Category: ☘️北京频道, Name: 北京生活, Total: 1, Valid: 1, Valid Percent: 100.00%, Whitelist: 0, IPv4: 1, IPv6: 0, Min Delay: 1441 ms, Max Speed: 0.07 M/s, Avg Speed: 0.07 M/s, Max Resolution: None
Category: ☘️浙江频道, Name: 绍兴电视台公共, Total: 4, Valid: 1, Valid Percent: 25.00%, Whitelist: 0, IPv4: 4, IPv6: 0, Min Delay: 10964 ms, Max Speed: 0.13 M/s, Avg Speed: 0.13 M/s, Max Resolution: 1280x720
Category: ☘️浙江频道, Name: 丽水新闻, Total: 2, Valid: 0, Valid Percent: 0.00%, Whitelist: 0, IPv4: 2, IPv6: 0, Min Delay: -1 ms, Max Speed: 0.00 M/s, Avg Speed: 0.00 M/s, Max Resolution: None
Category: ☘️上海频道, Name: 新闻综合, Total: 1, Valid: 1, Valid Percent: 100.00%, Whitelist: 0, IPv4: 1, IPv6: 0, Min Delay: 2126 ms, Max Speed: 0.65 M/s, Avg Speed: 0.65 M/s, Max Resolution: 1920x1080
Category: ☘️上海频道, Name: 金山电视台, Total: 1, Valid: 0, Valid Percent: 0.00%, Whitelist: 0, IPv4: 1, IPv6: 0, Min Delay: -1 ms, Max Speed: 0.00 M/s, Avg Speed: 0.00 M/s, Max Resolution: 1920x1080
Category: ☘️北京频道, Name: 通州电视台, Total: 1, Valid: 0, Valid Percent: 0.00%, Whitelist: 0, IPv4: 1, IPv6: 0, Min Delay: -1 ms, Max Speed: 0.00 M/s, Avg Speed: 0.00 M/s, Max Resolution: None
Category: ☘️上海频道, Name: 全纪实, Total: 1, Valid: 1, Valid Percent: 100.00%, Whitelist: 0, IPv4: 1, IPv6: 0, Min Delay: 10037 ms, Max Speed: 0.15 M/s, Avg Speed: 0.15 M/s, Max Resolution: 1920x1080
Category: ☘️重庆频道, Name: 万源新闻综合, Total: 5, Valid: 0, Valid Percent: 0.00%, Whitelist: 0, IPv4: 5, IPv6: 0, Min Delay: -1 ms, Max Speed: 0.00 M/s, Avg Speed: 0.00 M/s, Max Resolution: None
Category: ☘️重庆频道, Name: 铜梁综合, Total: 2, Valid: 2, Valid Percent: 100.00%, Whitelist: 0, IPv4: 2, IPv6: 0, Min Delay: 3108 ms, Max Speed: 0.14 M/s, Avg Speed: 0.14 M/s, Max Resolution: 720x576
Category: ☘️浙江频道, Name: 海盐新闻, Total: 1, Valid: 0, Valid Percent: 0.00%, Whitelist: 0, IPv4: 1, IPv6: 0, Min Delay: -1 ms, Max Speed: 0.00 M/s, Avg Speed: 0.00 M/s, Max Resolution: 320x240
Category: ☘️北京频道, Name: 北京卡酷少儿, Total: 1, Valid: 0, Valid Percent: 0.00%, Whitelist: 0, IPv4: 1, IPv6: 0, Min Delay: -1 ms, Max Speed: 0.00 M/s, Avg Speed: 0.00 M/s, Max Resolution: None
Category: ☘️重庆频道, Name: 璧山综合, Total: 1, Valid: 1, Valid Percent: 100.00%, Whitelist: 0, IPv4: 1, IPv6: 0, Min Delay: 10116 ms, Max Speed: 0.39 M/s, Avg Speed: 0.39 M/s, Max Resolution: 1920x1080
Category: ☘️北京频道, Name: 北京青年, Total: 2, Valid: 1, Valid Percent: 50.00%, Whitelist: 0, IPv4: 2, IPv6: 0, Min Delay: 49 ms, Max Speed: 14.03 M/s, Avg Speed: 14.03 M/s, Max Resolution: 19x24
Category: ☘️上海频道, Name: 上海教育, Total: 2, Valid: 0, Valid Percent: 0.00%, Whitelist: 0, IPv4: 2, IPv6: 0, Min Delay: -1 ms, Max Speed: 0.00 M/s, Avg Speed: 0.00 M/s, Max Resolution: None
Category: ☘️上海频道, Name: 法治天地, Total: 2, Valid: 2, Valid Percent: 100.00%, Whitelist: 0, IPv4: 2, IPv6: 0, Min Delay: 537 ms, Max Speed: 0.05 M/s, Avg Speed: 0.03 M/s, Max Resolution: 1920x1080
Category: ☘️上海频道, Name: 都市剧场, Total: 2, Valid: 2, Valid Percent: 100.00%, Whitelist: 0, IPv4: 2, IPv6: 0, Min Delay: 25 ms, Max Speed: 4.41 M/s, Avg Speed: 2.21 M/s, Max Resolution: 1920x1080
Category: ☘️重庆频道, Name: 武隆综合, Total: 3, Valid: 0, Valid Percent: 0.00%, Whitelist: 0, IPv4: 3, IPv6: 0, Min Delay: -1 ms, Max Speed: 0.00 M/s, Avg Speed: 0.00 M/s, Max Resolution: None
Category: ☘️重庆频道, Name: 垫江综合, Total: 1, Valid: 0, Valid Percent: 0.00%, Whitelist: 0, IPv4: 1, IPv6: 0, Min Delay: -1 ms, Max Speed: 0.00 M/s, Avg Speed: 0.00 M/s, Max Resolution: 1920x1080
Category: ☘️重庆频道, Name: 大足综合, Total: 1, Valid: 0, Valid Percent: 0.00%, Whitelist: 0, IPv4: 1, IPv6: 0, Min Delay: -1 ms, Max Speed: 0.00 M/s, Avg Speed: 0.00 M/s, Max Resolution: None
Category: ☘️重庆频道, Name: 万州综合, Total: 5, Valid: 0, Valid Percent: 0.00%, Whitelist: 0, IPv4: 5, IPv6: 0, Min Delay: -1 ms, Max Speed: 0.00 M/s, Avg Speed: 0.00 M/s, Max Resolution: 720x576
Category: ☘️重庆频道, Name: 万州三峡移民, Total: 2, Valid: 0, Valid Percent: 0.00%, Whitelist: 0, IPv4: 2, IPv6: 0, Min Delay: -1 ms, Max Speed: 0.00 M/s, Avg Speed: 0.00 M/s, Max Resolution: 720x576
Category: ☘️江苏频道, Name: 东台综合, Total: 2, Valid: 0, Valid Percent: 0.00%, Whitelist: 0, IPv4: 2, IPv6: 0, Min Delay: -1 ms, Max Speed: 0.00 M/s, Avg Speed: 0.00 M/s, Max Resolution: None
Category: ☘️江苏频道, Name: 六合新闻综合, Total: 1, Valid: 1, Valid Percent: 100.00%, Whitelist: 0, IPv4: 1, IPv6: 0, Min Delay: 643 ms, Max Speed: 0.70 M/s, Avg Speed: 0.70 M/s, Max Resolution: 1280x720
Category: ☘️江苏频道, Name: 南通都市生活, Total: 1, Valid: 0, Valid Percent: 0.00%, Whitelist: 0, IPv4: 1, IPv6: 0, Min Delay: -1 ms, Max Speed: 0.00 M/s, Avg Speed: 0.00 M/s, Max Resolution: 1920x1080
Category: ☘️江苏频道, Name: 句容党建, Total: 6, Valid: 3, Valid Percent: 50.00%, Whitelist: 0, IPv4: 6, IPv6: 0, Min Delay: 1342 ms, Max Speed: 0.27 M/s, Avg Speed: 0.23 M/s, Max Resolution: 1280x720
Category: ☘️江苏频道, Name: 句容影院, Total: 1, Valid: 1, Valid Percent: 100.00%, Whitelist: 0, IPv4: 1, IPv6: 0, Min Delay: 1441 ms, Max Speed: 0.25 M/s, Avg Speed: 0.25 M/s, Max Resolution: 720x576
Category: ☘️江苏频道, Name: 句容新闻综合, Total: 4, Valid: 2, Valid Percent: 50.00%, Whitelist: 0, IPv4: 4, IPv6: 0, Min Delay: 1742 ms, Max Speed: 0.43 M/s, Avg Speed: 0.42 M/s, Max Resolution: 720x576
Category: ☘️江苏频道, Name: 大丰公共, Total: 2, Valid: 0, Valid Percent: 0.00%, Whitelist: 0, IPv4: 2, IPv6: 0, Min Delay: -1 ms, Max Speed: 0.00 M/s, Avg Speed: 0.00 M/s, Max Resolution: None
Category: ☘️江苏频道, Name: 姜堰新闻综合, Total: 2, Valid: 0, Valid Percent: 0.00%, Whitelist: 0, IPv4: 2, IPv6: 0, Min Delay: -1 ms, Max Speed: 0.00 M/s, Avg Speed: 0.00 M/s, Max Resolution: None
Category: ☘️江苏频道, Name: 常州新闻综合, Total: 2, Valid: 0, Valid Percent: 0.00%, Whitelist: 0, IPv4: 2, IPv6: 0, Min Delay: -1 ms, Max Speed: 0.00 M/s, Avg Speed: 0.00 M/s, Max Resolution: None
Category: ☘️江苏频道, Name: 如东一套新闻综合, Total: 1, Valid: 0, Valid Percent: 0.00%, Whitelist: 0, IPv4: 1, IPv6: 0, Min Delay: -1 ms, Max Speed: 0.00 M/s, Avg Speed: 0.00 M/s, Max Resolution: None
Category: ☘️江苏频道, Name: 如东新闻综合, Total: 2, Valid: 0, Valid Percent: 0.00%, Whitelist: 0, IPv4: 2, IPv6: 0, Min Delay: -1 ms, Max Speed: 0.00 M/s, Avg Speed: 0.00 M/s, Max Resolution: None
Category: ☘️江苏频道, Name: 徐州-1, Total: 1, Valid: 0, Valid Percent: 0.00%, Whitelist: 0, IPv4: 1, IPv6: 0, Min Delay: -1 ms, Max Speed: 0.00 M/s, Avg Speed: 0.00 M/s, Max Resolution: None
Category: ☘️江苏频道, Name: 句容生活, Total: 5, Valid: 2, Valid Percent: 40.00%, Whitelist: 0, IPv4: 5, IPv6: 0, Min Delay: 1535 ms, Max Speed: 0.45 M/s, Avg Speed: 0.43 M/s, Max Resolution: 1280x720
Category: ☘️江苏频道, Name: 常熟新闻, Total: 3, Valid: 0, Valid Percent: 0.00%, Whitelist: 0, IPv4: 3, IPv6: 0, Min Delay: -1 ms, Max Speed: 0.00 M/s, Avg Speed: 0.00 M/s, Max Resolution: None
Category: ☘️江苏频道, Name: 扬中党建民生, Total: 1, Valid: 0, Valid Percent: 0.00%, Whitelist: 0, IPv4: 1, IPv6: 0, Min Delay: -1 ms, Max Speed: 0.00 M/s, Avg Speed: 0.00 M/s, Max Resolution: None
Category: ☘️江苏频道, Name: 扬州城市, Total: 2, Valid: 0, Valid Percent: 0.00%, Whitelist: 0, IPv4: 2, IPv6: 0, Min Delay: -1 ms, Max Speed: 0.00 M/s, Avg Speed: 0.00 M/s, Max Resolution: None
Category: ☘️江苏频道, Name: 扬州生活, Total: 2, Valid: 0, Valid Percent: 0.00%, Whitelist: 0, IPv4: 2, IPv6: 0, Min Delay: -1 ms, Max Speed: 0.00 M/s, Avg Speed: 0.00 M/s, Max Resolution: None
Category: ☘️江苏频道, Name: 张家港民生, Total: 1, Valid: 0, Valid Percent: 0.00%, Whitelist: 0, IPv4: 1, IPv6: 0, Min Delay: -1 ms, Max Speed: 0.00 M/s, Avg Speed: 0.00 M/s, Max Resolution: None
Category: ☘️江苏频道, Name: 扬中新闻, Total: 1, Valid: 0, Valid Percent: 0.00%, Whitelist: 0, IPv4: 1, IPv6: 0, Min Delay: -1 ms, Max Speed: 0.00 M/s, Avg Speed: 0.00 M/s, Max Resolution: None
Category: ☘️江苏频道, Name: 扬州新闻, Total: 5, Valid: 0, Valid Percent: 0.00%, Whitelist: 0, IPv4: 5, IPv6: 0, Min Delay: -1 ms, Max Speed: 0.00 M/s, Avg Speed: 0.00 M/s, Max Resolution: None
Category: ☘️江苏频道, Name: 扬州邗江, Total: 4, Valid: 0, Valid Percent: 0.00%, Whitelist: 0, IPv4: 4, IPv6: 0, Min Delay: -1 ms, Max Speed: 0.00 M/s, Avg Speed: 0.00 M/s, Max Resolution: None
Category: ☘️江苏频道, Name: 武进新闻, Total: 5, Valid: 0, Valid Percent: 0.00%, Whitelist: 0, IPv4: 5, IPv6: 0, Min Delay: 262 ms, Max Speed: 0.00 M/s, Avg Speed: 0.00 M/s, Max Resolution: 720x576
Category: ☘️江苏频道, Name: 沛县新闻综合, Total: 3, Valid: 0, Valid Percent: 0.00%, Whitelist: 0, IPv4: 3, IPv6: 0, Min Delay: -1 ms, Max Speed: 0.00 M/s, Avg Speed: 0.00 M/s, Max Resolution: None
Category: ☘️江苏频道, Name: 江宁电视台综合, Total: 1, Valid: 0, Valid Percent: 0.00%, Whitelist: 0, IPv4: 1, IPv6: 0, Min Delay: -1 ms, Max Speed: 0.00 M/s, Avg Speed: 0.00 M/s, Max Resolution: None
Category: ☘️江苏频道, Name: 武进生活, Total: 6, Valid: 0, Valid Percent: 0.00%, Whitelist: 0, IPv4: 6, IPv6: 0, Min Delay: 266 ms, Max Speed: 0.00 M/s, Avg Speed: 0.00 M/s, Max Resolution: 720x576
Category: ☘️重庆频道, Name: 重庆汽摩, Total: 15, Valid: 11, Valid Percent: 73.33%, Whitelist: 0, IPv4: 15, IPv6: 0, Min Delay: 1380 ms, Max Speed: 0.16 M/s, Avg Speed: 0.09 M/s, Max Resolution: 1920x1080
Category: ☘️江苏频道, Name: 海安新闻综合, Total: 1, Valid: 0, Valid Percent: 0.00%, Whitelist: 0, IPv4: 1, IPv6: 0, Min Delay: -1 ms, Max Speed: 0.00 M/s, Avg Speed: 0.00 M/s, Max Resolution: None
Category: ☘️重庆频道, Name: 重庆时尚购物, Total: 3, Valid: 0, Valid Percent: 0.00%, Whitelist: 0, IPv4: 3, IPv6: 0, Min Delay: 509 ms, Max Speed: 0.00 M/s, Avg Speed: 0.00 M/s, Max Resolution: None
Category: ☘️江苏频道, Name: 泗阳综合, Total: 1, Valid: 1, Valid Percent: 100.00%, Whitelist: 0, IPv4: 1, IPv6: 0, Min Delay: 2519 ms, Max Speed: 0.52 M/s, Avg Speed: 0.52 M/s, Max Resolution: 1920x1080
Category: ☘️江苏频道, Name: 泰州三套影视娱乐, Total: 1, Valid: 0, Valid Percent: 0.00%, Whitelist: 0, IPv4: 1, IPv6: 0, Min Delay: -1 ms, Max Speed: 0.00 M/s, Avg Speed: 0.00 M/s, Max Resolution: 1920x1080
Category: ☘️江苏频道, Name: 苏州4k, Total: 1, Valid: 0, Valid Percent: 0.00%, Whitelist: 0, IPv4: 1, IPv6: 0, Min Delay: -1 ms, Max Speed: 0.00 M/s, Avg Speed: 0.00 M/s, Max Resolution: None
Category: ☘️江苏频道, Name: 涟水综合, Total: 5, Valid: 0, Valid Percent: 0.00%, Whitelist: 0, IPv4: 5, IPv6: 0, Min Delay: 2354 ms, Max Speed: 0.00 M/s, Avg Speed: 0.00 M/s, Max Resolution: None
Category: ☘️江苏频道, Name: 盐都综合, Total: 2, Valid: 0, Valid Percent: 0.00%, Whitelist: 0, IPv4: 2, IPv6: 0, Min Delay: -1 ms, Max Speed: 0.00 M/s, Avg Speed: 0.00 M/s, Max Resolution: None
Category: ☘️江苏频道, Name: 睢宁生活教育, Total: 2, Valid: 0, Valid Percent: 0.00%, Whitelist: 0, IPv4: 2, IPv6: 0, Min Delay: -1 ms, Max Speed: 0.00 M/s, Avg Speed: 0.00 M/s, Max Resolution: None
Category: ☘️江苏频道, Name: 贾汪新闻, Total: 4, Valid: 0, Valid Percent: 0.00%, Whitelist: 0, IPv4: 4, IPv6: 0, Min Delay: -1 ms, Max Speed: 0.00 M/s, Avg Speed: 0.00 M/s, Max Resolution: None
Category: ☘️江苏频道, Name: 赣榆新闻综合, Total: 4, Valid: 0, Valid Percent: 0.00%, Whitelist: 0, IPv4: 4, IPv6: 0, Min Delay: 509 ms, Max Speed: 0.00 M/s, Avg Speed: 0.00 M/s, Max Resolution: None
Category: ☘️江苏频道, Name: 睢宁综合, Total: 1, Valid: 1, Valid Percent: 100.00%, Whitelist: 0, IPv4: 1, IPv6: 0, Min Delay: 389 ms, Max Speed: 1.77 M/s, Avg Speed: 1.77 M/s, Max Resolution: 1280x720
Category: ☘️江苏频道, Name: 贾汪旅游, Total: 4, Valid: 0, Valid Percent: 0.00%, Whitelist: 0, IPv4: 4, IPv6: 0, Min Delay: -1 ms, Max Speed: 0.00 M/s, Avg Speed: 0.00 M/s, Max Resolution: 1920x1080
Category: ☘️江苏频道, Name: 镇江二套社会民生, Total: 1, Valid: 1, Valid Percent: 100.00%, Whitelist: 0, IPv4: 1, IPv6: 0, Min Delay: 63 ms, Max Speed: 19.05 M/s, Avg Speed: 19.05 M/s, Max Resolution: 1920x1080
Category: ☘️江苏频道, Name: 镇江新闻综合, Total: 5, Valid: 5, Valid Percent: 100.00%, Whitelist: 0, IPv4: 5, IPv6: 0, Min Delay: 56 ms, Max Speed: 19.40 M/s, Avg Speed: 17.55 M/s, Max Resolution: 1920x1080
Category: ☘️江苏频道, Name: 金坛新闻, Total: 5, Valid: 0, Valid Percent: 0.00%, Whitelist: 0, IPv4: 5, IPv6: 0, Min Delay: -1 ms, Max Speed: 0.00 M/s, Avg Speed: 0.00 M/s, Max Resolution: None
Category: ☘️江苏频道, Name: 高邮一套新闻综合, Total: 2, Valid: 0, Valid Percent: 0.00%, Whitelist: 0, IPv4: 2, IPv6: 0, Min Delay: -1 ms, Max Speed: 0.00 M/s, Avg Speed: 0.00 M/s, Max Resolution: None
Category: ☘️江苏频道, Name: 滨海新闻综合, Total: 1, Valid: 1, Valid Percent: 100.00%, Whitelist: 0, IPv4: 1, IPv6: 0, Min Delay: 1183 ms, Max Speed: 1.44 M/s, Avg Speed: 1.44 M/s, Max Resolution: 1920x1080
Category: ☘️湖南频道, Name: 湖南视剧, Total: 2, Valid: 0, Valid Percent: 0.00%, Whitelist: 0, IPv4: 2, IPv6: 0, Min Delay: -1 ms, Max Speed: 0.00 M/s, Avg Speed: 0.00 M/s, Max Resolution: None
Category: ☘️湖南频道, Name: 益阳公共, Total: 1, Valid: 0, Valid Percent: 0.00%, Whitelist: 0, IPv4: 1, IPv6: 0, Min Delay: -1 ms, Max Speed: 0.00 M/s, Avg Speed: 0.00 M/s, Max Resolution: 1280x720
Category: ☘️湖南频道, Name: 长沙女性, Total: 2, Valid: 0, Valid Percent: 0.00%, Whitelist: 0, IPv4: 2, IPv6: 0, Min Delay: -1 ms, Max Speed: 0.00 M/s, Avg Speed: 0.00 M/s, Max Resolution: 640x360
Category: ☘️江苏频道, Name: 宜兴紫砂, Total: 4, Valid: 0, Valid Percent: 0.00%, Whitelist: 0, IPv4: 4, IPv6: 0, Min Delay: -1 ms, Max Speed: 0.00 M/s, Avg Speed: 0.00 M/s, Max Resolution: 1280x720
Category: ☘️湖南频道, Name: 汝城综合, Total: 1, Valid: 0, Valid Percent: 0.00%, Whitelist: 0, IPv4: 1, IPv6: 0, Min Delay: -1 ms, Max Speed: 0.00 M/s, Avg Speed: 0.00 M/s, Max Resolution: None
Category: ☘️江苏频道, Name: 常熟民生, Total: 3, Valid: 0, Valid Percent: 0.00%, Whitelist: 0, IPv4: 3, IPv6: 0, Min Delay: -1 ms, Max Speed: 0.00 M/s, Avg Speed: 0.00 M/s, Max Resolution: 1280x720
Category: ☘️湖南频道, Name: 永顺综合, Total: 1, Valid: 0, Valid Percent: 0.00%, Whitelist: 0, IPv4: 1, IPv6: 0, Min Delay: -1 ms, Max Speed: 0.00 M/s, Avg Speed: 0.00 M/s, Max Resolution: None
Category: ☘️湖南频道, Name: 宁乡综合, Total: 1, Valid: 0, Valid Percent: 0.00%, Whitelist: 0, IPv4: 1, IPv6: 0, Min Delay: -1 ms, Max Speed: 0.00 M/s, Avg Speed: 0.00 M/s, Max Resolution: None
Category: ☘️江苏频道, Name: 沭阳综合, Total: 6, Valid: 0, Valid Percent: 0.00%, Whitelist: 0, IPv4: 6, IPv6: 0, Min Delay: -1 ms, Max Speed: 0.00 M/s, Avg Speed: 0.00 M/s, Max Resolution: 1920x1080
Category: ☘️江苏频道, Name: 泗阳资讯, Total: 9, Valid: 0, Valid Percent: 0.00%, Whitelist: 0, IPv4: 9, IPv6: 0, Min Delay: -1 ms, Max Speed: 0.00 M/s, Avg Speed: 0.00 M/s, Max Resolution: 1920x1080
Category: ☘️辽宁频道, Name: 朝阳新闻综合, Total: 1, Valid: 0, Valid Percent: 0.00%, Whitelist: 0, IPv4: 1, IPv6: 0, Min Delay: 10731 ms, Max Speed: 0.00 M/s, Avg Speed: 0.00 M/s, Max Resolution: 1920x1080
Category: ☘️湖南频道, Name: 长沙政法, Total: 4, Valid: 0, Valid Percent: 0.00%, Whitelist: 0, IPv4: 4, IPv6: 0, Min Delay: -1 ms, Max Speed: 0.00 M/s, Avg Speed: 0.00 M/s, Max Resolution: 640x360
Category: ☘️湖南频道, Name: 衡阳新闻综合, Total: 2, Valid: 1, Valid Percent: 50.00%, Whitelist: 0, IPv4: 2, IPv6: 0, Min Delay: 10508 ms, Max Speed: 0.01 M/s, Avg Speed: 0.01 M/s, Max Resolution: 800x480
Category: ☘️湖北频道, Name: 武汉经济, Total: 2, Valid: 0, Valid Percent: 0.00%, Whitelist: 0, IPv4: 2, IPv6: 0, Min Delay: -1 ms, Max Speed: 0.00 M/s, Avg Speed: 0.00 M/s, Max Resolution: None
Category: ☘️湖南频道, Name: 湘潭新闻综合, Total: 2, Valid: 0, Valid Percent: 0.00%, Whitelist: 0, IPv4: 2, IPv6: 0, Min Delay: -1 ms, Max Speed: 0.00 M/s, Avg Speed: 0.00 M/s, Max Resolution: None
Category: ☘️湖南频道, Name: 湘潭公共, Total: 1, Valid: 0, Valid Percent: 0.00%, Whitelist: 0, IPv4: 1, IPv6: 0, Min Delay: -1 ms, Max Speed: 0.00 M/s, Avg Speed: 0.00 M/s, Max Resolution: None
Category: ☘️湖北频道, Name: 武汉新闻综合, Total: 2, Valid: 0, Valid Percent: 0.00%, Whitelist: 0, IPv4: 2, IPv6: 0, Min Delay: -1 ms, Max Speed: 0.00 M/s, Avg Speed: 0.00 M/s, Max Resolution: None
Category: ☘️湖北频道, Name: 湖北公共新闻, Total: 1, Valid: 0, Valid Percent: 0.00%, Whitelist: 0, IPv4: 1, IPv6: 0, Min Delay: -1 ms, Max Speed: 0.00 M/s, Avg Speed: 0.00 M/s, Max Resolution: None
Category: ☘️湖北频道, Name: 云梦综合, Total: 1, Valid: 0, Valid Percent: 0.00%, Whitelist: 0, IPv4: 1, IPv6: 0, Min Delay: -1 ms, Max Speed: 0.00 M/s, Avg Speed: 0.00 M/s, Max Resolution: 1920x1080
Category: ☘️湖北频道, Name: 武汉生活, Total: 2, Valid: 0, Valid Percent: 0.00%, Whitelist: 0, IPv4: 2, IPv6: 0, Min Delay: -1 ms, Max Speed: 0.00 M/s, Avg Speed: 0.00 M/s, Max Resolution: None
Category: ☘️湖北频道, Name: 湖北经济, Total: 2, Valid: 0, Valid Percent: 0.00%, Whitelist: 0, IPv4: 2, IPv6: 0, Min Delay: -1 ms, Max Speed: 0.00 M/s, Avg Speed: 0.00 M/s, Max Resolution: None
Category: ☘️湖北频道, Name: 武汉三台科技生活, Total: 1, Valid: 0, Valid Percent: 0.00%, Whitelist: 0, IPv4: 1, IPv6: 0, Min Delay: -1 ms, Max Speed: 0.00 M/s, Avg Speed: 0.00 M/s, Max Resolution: None
Category: ☘️湖北频道, Name: 武汉五台文体, Total: 2, Valid: 0, Valid Percent: 0.00%, Whitelist: 0, IPv4: 2, IPv6: 0, Min Delay: -1 ms, Max Speed: 0.00 M/s, Avg Speed: 0.00 M/s, Max Resolution: None
Category: ☘️广西频道, Name: 南宁新闻综合, Total: 1, Valid: 0, Valid Percent: 0.00%, Whitelist: 0, IPv4: 1, IPv6: 0, Min Delay: -1 ms, Max Speed: 0.00 M/s, Avg Speed: 0.00 M/s, Max Resolution: 1920x1080
Category: ☘️湖北频道, Name: 武汉新闻, Total: 2, Valid: 1, Valid Percent: 50.00%, Whitelist: 0, IPv4: 2, IPv6: 0, Min Delay: 2417 ms, Max Speed: 0.27 M/s, Avg Speed: 0.27 M/s, Max Resolution: 1280x720
Category: ☘️广西频道, Name: 罗城综合, Total: 1, Valid: 0, Valid Percent: 0.00%, Whitelist: 0, IPv4: 1, IPv6: 0, Min Delay: -1 ms, Max Speed: 0.00 M/s, Avg Speed: 0.00 M/s, Max Resolution: None
Category: ☘️湖北频道, Name: 武汉六台外语, Total: 2, Valid: 0, Valid Percent: 0.00%, Whitelist: 0, IPv4: 2, IPv6: 0, Min Delay: -1 ms, Max Speed: 0.00 M/s, Avg Speed: 0.00 M/s, Max Resolution: None
Category: ☘️湖北频道, Name: 武汉文体, Total: 2, Valid: 2, Valid Percent: 100.00%, Whitelist: 0, IPv4: 2, IPv6: 0, Min Delay: 553 ms, Max Speed: 0.73 M/s, Avg Speed: 0.38 M/s, Max Resolution: 1920x1080
Category: ☘️广西频道, Name: 广西新闻, Total: 1, Valid: 1, Valid Percent: 100.00%, Whitelist: 0, IPv4: 1, IPv6: 0, Min Delay: 430 ms, Max Speed: 12.32 M/s, Avg Speed: 12.32 M/s, Max Resolution: 1920x1080
Category: ☘️广西频道, Name: 北海新闻, Total: 1, Valid: 0, Valid Percent: 0.00%, Whitelist: 0, IPv4: 1, IPv6: 0, Min Delay: -1 ms, Max Speed: 0.00 M/s, Avg Speed: 0.00 M/s, Max Resolution: None
Category: ☘️广西频道, Name: 资源电视台, Total: 1, Valid: 0, Valid Percent: 0.00%, Whitelist: 0, IPv4: 1, IPv6: 0, Min Delay: -1 ms, Max Speed: 0.00 M/s, Avg Speed: 0.00 M/s, Max Resolution: None
Category: ☘️广西频道, Name: 都安综合, Total: 1, Valid: 0, Valid Percent: 0.00%, Whitelist: 0, IPv4: 1, IPv6: 0, Min Delay: -1 ms, Max Speed: 0.00 M/s, Avg Speed: 0.00 M/s, Max Resolution: None
Category: ☘️广西频道, Name: 来宾综合, Total: 2, Valid: 1, Valid Percent: 50.00%, Whitelist: 0, IPv4: 2, IPv6: 0, Min Delay: 10781 ms, Max Speed: 0.29 M/s, Avg Speed: 0.29 M/s, Max Resolution: 1920x1080
Category: ☘️广西频道, Name: 广西国际, Total: 1, Valid: 1, Valid Percent: 100.00%, Whitelist: 0, IPv4: 1, IPv6: 0, Min Delay: 451 ms, Max Speed: 11.77 M/s, Avg Speed: 11.77 M/s, Max Resolution: 1920x1080
Category: ☘️广西频道, Name: 南宁影娱乐, Total: 2, Valid: 0, Valid Percent: 0.00%, Whitelist: 0, IPv4: 2, IPv6: 0, Min Delay: -1 ms, Max Speed: 0.00 M/s, Avg Speed: 0.00 M/s, Max Resolution: None
Category: ☘️广西频道, Name: 广西乐思购, Total: 1, Valid: 0, Valid Percent: 0.00%, Whitelist: 0, IPv4: 1, IPv6: 0, Min Delay: -1 ms, Max Speed: 0.00 M/s, Avg Speed: 0.00 M/s, Max Resolution: 1920x1080
Category: ☘️天津频道, Name: 滨海综艺, Total: 1, Valid: 0, Valid Percent: 0.00%, Whitelist: 0, IPv4: 1, IPv6: 0, Min Delay: -1 ms, Max Speed: 0.00 M/s, Avg Speed: 0.00 M/s, Max Resolution: None
Category: ☘️天津频道, Name: 滨海影院, Total: 1, Valid: 0, Valid Percent: 0.00%, Whitelist: 0, IPv4: 1, IPv6: 0, Min Delay: -1 ms, Max Speed: 0.00 M/s, Avg Speed: 0.00 M/s, Max Resolution: None
Category: ☘️天津频道, Name: 武清综合, Total: 1, Valid: 0, Valid Percent: 0.00%, Whitelist: 0, IPv4: 1, IPv6: 0, Min Delay: -1 ms, Max Speed: 0.00 M/s, Avg Speed: 0.00 M/s, Max Resolution: 720x576
Category: ☘️湖北频道, Name: 郧阳新闻综合, Total: 1, Valid: 0, Valid Percent: 0.00%, Whitelist: 0, IPv4: 1, IPv6: 0, Min Delay: -1 ms, Max Speed: 0.00 M/s, Avg Speed: 0.00 M/s, Max Resolution: None
Category: ☘️天津频道, Name: 津南一套, Total: 2, Valid: 1, Valid Percent: 50.00%, Whitelist: 0, IPv4: 2, IPv6: 0, Min Delay: 37 ms, Max Speed: 8.04 M/s, Avg Speed: 8.04 M/s, Max Resolution: 720x576
Category: ☘️湖北频道, Name: 潜江综合, Total: 1, Valid: 0, Valid Percent: 0.00%, Whitelist: 0, IPv4: 1, IPv6: 0, Min Delay: -1 ms, Max Speed: 0.00 M/s, Avg Speed: 0.00 M/s, Max Resolution: 720x576
Category: ☘️广西频道, Name: 北海新闻综合, Total: 2, Valid: 0, Valid Percent: 0.00%, Whitelist: 0, IPv4: 2, IPv6: 0, Min Delay: -1 ms, Max Speed: 0.00 M/s, Avg Speed: 0.00 M/s, Max Resolution: None
Category: ☘️四川频道, Name: 乐山公共, Total: 1, Valid: 0, Valid Percent: 0.00%, Whitelist: 0, IPv4: 1, IPv6: 0, Min Delay: -1 ms, Max Speed: 0.00 M/s, Avg Speed: 0.00 M/s, Max Resolution: None
Category: ☘️广西频道, Name: 桂林新闻, Total: 3, Valid: 0, Valid Percent: 0.00%, Whitelist: 0, IPv4: 3, IPv6: 0, Min Delay: -1 ms, Max Speed: 0.00 M/s, Avg Speed: 0.00 M/s, Max Resolution: 1280x720
Category: ☘️广西频道, Name: 贺州综合, Total: 2, Valid: 0, Valid Percent: 0.00%, Whitelist: 0, IPv4: 2, IPv6: 0, Min Delay: -1 ms, Max Speed: 0.00 M/s, Avg Speed: 0.00 M/s, Max Resolution: 1920x1080
Category: ☘️四川频道, Name: 乐至综合, Total: 1, Valid: 1, Valid Percent: 100.00%, Whitelist: 0, IPv4: 1, IPv6: 0, Min Delay: 3594 ms, Max Speed: 0.68 M/s, Avg Speed: 0.68 M/s, Max Resolution: 1920x1080
Category: ☘️四川频道, Name: 井研综合, Total: 1, Valid: 1, Valid Percent: 100.00%, Whitelist: 0, IPv4: 1, IPv6: 0, Min Delay: 2373 ms, Max Speed: 0.12 M/s, Avg Speed: 0.12 M/s, Max Resolution: 1920x1080
Category: ☘️四川频道, Name: 仁寿综合, Total: 1, Valid: 1, Valid Percent: 100.00%, Whitelist: 0, IPv4: 1, IPv6: 0, Min Delay: 1101 ms, Max Speed: 0.05 M/s, Avg Speed: 0.05 M/s, Max Resolution: None
Category: ☘️广西频道, Name: 广西贺州, Total: 1, Valid: 0, Valid Percent: 0.00%, Whitelist: 0, IPv4: 1, IPv6: 0, Min Delay: -1 ms, Max Speed: 0.00 M/s, Avg Speed: 0.00 M/s, Max Resolution: None
Category: ☘️四川频道, Name: 凉山新闻综合, Total: 5, Valid: 1, Valid Percent: 20.00%, Whitelist: 0, IPv4: 5, IPv6: 0, Min Delay: 2541 ms, Max Speed: 0.63 M/s, Avg Speed: 0.63 M/s, Max Resolution: 1920x1080
Category: ☘️四川频道, Name: 凉山语, Total: 4, Valid: 1, Valid Percent: 25.00%, Whitelist: 0, IPv4: 4, IPv6: 0, Min Delay: 6846 ms, Max Speed: 0.38 M/s, Avg Speed: 0.38 M/s, Max Resolution: 1920x1080
Category: ☘️天津频道, Name: 天津都市, Total: 2, Valid: 0, Valid Percent: 0.00%, Whitelist: 0, IPv4: 2, IPv6: 0, Min Delay: -1 ms, Max Speed: 0.00 M/s, Avg Speed: 0.00 M/s, Max Resolution: 1920x1080
Category: ☘️天津频道, Name: 天津新闻, Total: 3, Valid: 0, Valid Percent: 0.00%, Whitelist: 0, IPv4: 3, IPv6: 0, Min Delay: -1 ms, Max Speed: 0.00 M/s, Avg Speed: 0.00 M/s, Max Resolution: 1920x1080
Category: ☘️天津频道, Name: 天津文艺, Total: 2, Valid: 0, Valid Percent: 0.00%, Whitelist: 0, IPv4: 2, IPv6: 0, Min Delay: -1 ms, Max Speed: 0.00 M/s, Avg Speed: 0.00 M/s, Max Resolution: 1920x1080
Category: ☘️四川频道, Name: 东兴综合, Total: 2, Valid: 0, Valid Percent: 0.00%, Whitelist: 0, IPv4: 2, IPv6: 0, Min Delay: -1 ms, Max Speed: 0.00 M/s, Avg Speed: 0.00 M/s, Max Resolution: None
Category: ☘️四川频道, Name: 什邡新闻, Total: 1, Valid: 0, Valid Percent: 0.00%, Whitelist: 0, IPv4: 1, IPv6: 0, Min Delay: -1 ms, Max Speed: 0.00 M/s, Avg Speed: 0.00 M/s, Max Resolution: 1920x1080
Category: ☘️四川频道, Name: 剑阁综合, Total: 3, Valid: 1, Valid Percent: 33.33%, Whitelist: 0, IPv4: 3, IPv6: 0, Min Delay: 10963 ms, Max Speed: 0.03 M/s, Avg Speed: 0.03 M/s, Max Resolution: 960x528
Category: ☘️四川频道, Name: 南充公共, Total: 1, Valid: 0, Valid Percent: 0.00%, Whitelist: 0, IPv4: 1, IPv6: 0, Min Delay: -1 ms, Max Speed: 0.00 M/s, Avg Speed: 0.00 M/s, Max Resolution: None
Category: ☘️四川频道, Name: 名山综合, Total: 1, Valid: 0, Valid Percent: 0.00%, Whitelist: 0, IPv4: 1, IPv6: 0, Min Delay: -1 ms, Max Speed: 0.00 M/s, Avg Speed: 0.00 M/s, Max Resolution: 1920x1080
Category: ☘️四川频道, Name: 南充新闻, Total: 1, Valid: 0, Valid Percent: 0.00%, Whitelist: 0, IPv4: 1, IPv6: 0, Min Delay: -1 ms, Max Speed: 0.00 M/s, Avg Speed: 0.00 M/s, Max Resolution: None
Category: ☘️四川频道, Name: 南充科教, Total: 3, Valid: 0, Valid Percent: 0.00%, Whitelist: 0, IPv4: 3, IPv6: 0, Min Delay: -1 ms, Max Speed: 0.00 M/s, Avg Speed: 0.00 M/s, Max Resolution: None
Category: ☘️四川频道, Name: 宝兴综合, Total: 1, Valid: 0, Valid Percent: 0.00%, Whitelist: 0, IPv4: 1, IPv6: 0, Min Delay: -1 ms, Max Speed: 0.00 M/s, Avg Speed: 0.00 M/s, Max Resolution: 1920x1080
Category: ☘️四川频道, Name: 小金综合, Total: 1, Valid: 0, Valid Percent: 0.00%, Whitelist: 0, IPv4: 1, IPv6: 0, Min Delay: -1 ms, Max Speed: 0.00 M/s, Avg Speed: 0.00 M/s, Max Resolution: 1920x1080
Category: ☘️四川频道, Name: 双流综合, Total: 5, Valid: 0, Valid Percent: 0.00%, Whitelist: 0, IPv4: 5, IPv6: 0, Min Delay: -1 ms, Max Speed: 0.00 M/s, Avg Speed: 0.00 M/s, Max Resolution: 1920x1080
Category: ☘️四川频道, Name: 大竹新闻综合, Total: 2, Valid: 0, Valid Percent: 0.00%, Whitelist: 0, IPv4: 2, IPv6: 0, Min Delay: -1 ms, Max Speed: 0.00 M/s, Avg Speed: 0.00 M/s, Max Resolution: None
Category: ☘️四川频道, Name: 大竹阳光政务, Total: 1, Valid: 0, Valid Percent: 0.00%, Whitelist: 0, IPv4: 1, IPv6: 0, Min Delay: -1 ms, Max Speed: 0.00 M/s, Avg Speed: 0.00 M/s, Max Resolution: None
Category: ☘️四川频道, Name: 广安公共, Total: 1, Valid: 1, Valid Percent: 100.00%, Whitelist: 0, IPv4: 1, IPv6: 0, Min Delay: 699 ms, Max Speed: 0.00 M/s, Avg Speed: 0.00 M/s, Max Resolution: 1920x1080
Category: ☘️四川频道, Name: 夹江新闻综合, Total: 4, Valid: 0, Valid Percent: 0.00%, Whitelist: 0, IPv4: 4, IPv6: 0, Min Delay: 5569 ms, Max Speed: 0.00 M/s, Avg Speed: 0.00 M/s, Max Resolution: 1920x1080
Category: ☘️四川频道, Name: 宁南综合, Total: 2, Valid: 0, Valid Percent: 0.00%, Whitelist: 0, IPv4: 2, IPv6: 0, Min Delay: -1 ms, Max Speed: 0.00 M/s, Avg Speed: 0.00 M/s, Max Resolution: None
Category: ☘️四川频道, Name: 宜宾公共, Total: 2, Valid: 0, Valid Percent: 0.00%, Whitelist: 0, IPv4: 2, IPv6: 0, Min Delay: -1 ms, Max Speed: 0.00 M/s, Avg Speed: 0.00 M/s, Max Resolution: None
Category: ☘️四川频道, Name: 旺苍新闻综合, Total: 1, Valid: 0, Valid Percent: 0.00%, Whitelist: 0, IPv4: 1, IPv6: 0, Min Delay: -1 ms, Max Speed: 0.00 M/s, Avg Speed: 0.00 M/s, Max Resolution: 1920x1080
Category: ☘️四川频道, Name: 平武综合, Total: 2, Valid: 0, Valid Percent: 0.00%, Whitelist: 0, IPv4: 2, IPv6: 0, Min Delay: -1 ms, Max Speed: 0.00 M/s, Avg Speed: 0.00 M/s, Max Resolution: None
Category: ☘️四川频道, Name: 康定综合, Total: 3, Valid: 0, Valid Percent: 0.00%, Whitelist: 0, IPv4: 3, IPv6: 0, Min Delay: -1 ms, Max Speed: 0.00 M/s, Avg Speed: 0.00 M/s, Max Resolution: 1280x720
Category: ☘️四川频道, Name: 德阳公共, Total: 3, Valid: 0, Valid Percent: 0.00%, Whitelist: 0, IPv4: 3, IPv6: 0, Min Delay: -1 ms, Max Speed: 0.00 M/s, Avg Speed: 0.00 M/s, Max Resolution: 1280x720
Category: ☘️四川频道, Name: 沐川综合, Total: 1, Valid: 0, Valid Percent: 0.00%, Whitelist: 0, IPv4: 1, IPv6: 0, Min Delay: -1 ms, Max Speed: 0.00 M/s, Avg Speed: 0.00 M/s, Max Resolution: 1920x1080
Category: ☘️四川频道, Name: 攀枝花新闻综合, Total: 3, Valid: 0, Valid Percent: 0.00%, Whitelist: 0, IPv4: 3, IPv6: 0, Min Delay: -1 ms, Max Speed: 0.00 M/s, Avg Speed: 0.00 M/s, Max Resolution: 320x240
Category: ☘️四川频道, Name: 沙湾综合, Total: 2, Valid: 0, Valid Percent: 0.00%, Whitelist: 0, IPv4: 2, IPv6: 0, Min Delay: -1 ms, Max Speed: 0.00 M/s, Avg Speed: 0.00 M/s, Max Resolution: 1280x720
Category: ☘️四川频道, Name: 石棉综合, Total: 1, Valid: 0, Valid Percent: 0.00%, Whitelist: 0, IPv4: 1, IPv6: 0, Min Delay: -1 ms, Max Speed: 0.00 M/s, Avg Speed: 0.00 M/s, Max Resolution: 1920x1080
Category: ☘️四川频道, Name: 绵阳综合, Total: 1, Valid: 0, Valid Percent: 0.00%, Whitelist: 0, IPv4: 1, IPv6: 0, Min Delay: -1 ms, Max Speed: 0.00 M/s, Avg Speed: 0.00 M/s, Max Resolution: None
Category: ☘️四川频道, Name: 荥经综合, Total: 1, Valid: 0, Valid Percent: 0.00%, Whitelist: 0, IPv4: 1, IPv6: 0, Min Delay: -1 ms, Max Speed: 0.00 M/s, Avg Speed: 0.00 M/s, Max Resolution: 1920x1080
Category: ☘️四川频道, Name: 新都综合, Total: 2, Valid: 0, Valid Percent: 0.00%, Whitelist: 0, IPv4: 2, IPv6: 0, Min Delay: -1 ms, Max Speed: 0.00 M/s, Avg Speed: 0.00 M/s, Max Resolution: None
Category: ☘️四川频道, Name: 昭化综合, Total: 3, Valid: 0, Valid Percent: 0.00%, Whitelist: 0, IPv4: 3, IPv6: 0, Min Delay: -1 ms, Max Speed: 0.00 M/s, Avg Speed: 0.00 M/s, Max Resolution: 1280x720
Category: ☘️四川频道, Name: 金川新闻综合, Total: 2, Valid: 0, Valid Percent: 0.00%, Whitelist: 0, IPv4: 2, IPv6: 0, Min Delay: -1 ms, Max Speed: 0.00 M/s, Avg Speed: 0.00 M/s, Max Resolution: 1920x1080
Category: ☘️四川频道, Name: 长宁综合, Total: 1, Valid: 0, Valid Percent: 0.00%, Whitelist: 0, IPv4: 1, IPv6: 0, Min Delay: -1 ms, Max Speed: 0.00 M/s, Avg Speed: 0.00 M/s, Max Resolution: 1920x1080
Category: ☘️四川频道, Name: 朝天综合, Total: 3, Valid: 1, Valid Percent: 33.33%, Whitelist: 0, IPv4: 3, IPv6: 0, Min Delay: 10175 ms, Max Speed: 0.03 M/s, Avg Speed: 0.03 M/s, Max Resolution: 960x528
Category: ☘️四川频道, Name: 盐亭综合, Total: 2, Valid: 0, Valid Percent: 0.00%, Whitelist: 0, IPv4: 2, IPv6: 0, Min Delay: -1 ms, Max Speed: 0.00 M/s, Avg Speed: 0.00 M/s, Max Resolution: None
Category: ☘️四川频道, Name: 金川乡村, Total: 1, Valid: 1, Valid Percent: 100.00%, Whitelist: 0, IPv4: 1, IPv6: 0, Min Delay: 2152 ms, Max Speed: 0.45 M/s, Avg Speed: 0.45 M/s, Max Resolution: 720x576
Category: ☘️四川频道, Name: 西昌综合, Total: 3, Valid: 0, Valid Percent: 0.00%, Whitelist: 0, IPv4: 3, IPv6: 0, Min Delay: -1 ms, Max Speed: 0.00 M/s, Avg Speed: 0.00 M/s, Max Resolution: None
Category: ☘️四川频道, Name: 青川综合, Total: 1, Valid: 1, Valid Percent: 100.00%, Whitelist: 0, IPv4: 1, IPv6: 0, Min Delay: 2621 ms, Max Speed: 0.98 M/s, Avg Speed: 0.98 M/s, Max Resolution: 1920x1080
Category: ☘️四川频道, Name: 金口河综合, Total: 2, Valid: 0, Valid Percent: 0.00%, Whitelist: 0, IPv4: 2, IPv6: 0, Min Delay: -1 ms, Max Speed: 0.00 M/s, Avg Speed: 0.00 M/s, Max Resolution: None
Category: ☘️四川频道, Name: 龙泉驿新闻综合, Total: 2, Valid: 0, Valid Percent: 0.00%, Whitelist: 0, IPv4: 2, IPv6: 0, Min Delay: -1 ms, Max Speed: 0.00 M/s, Avg Speed: 0.00 M/s, Max Resolution: None
Category: ☘️陕西频道, Name: 陕西农林卫视, Total: 1, Valid: 0, Valid Percent: 0.00%, Whitelist: 0, IPv4: 1, IPv6: 0, Min Delay: -1 ms, Max Speed: 0.00 M/s, Avg Speed: 0.00 M/s, Max Resolution: None
Category: ☘️陕西频道, Name: 陕西农林, Total: 1, Valid: 0, Valid Percent: 0.00%, Whitelist: 0, IPv4: 1, IPv6: 0, Min Delay: -1 ms, Max Speed: 0.00 M/s, Avg Speed: 0.00 M/s, Max Resolution: 720x576
Category: ☘️福建频道, Name: 三明公共, Total: 1, Valid: 0, Valid Percent: 0.00%, Whitelist: 0, IPv4: 1, IPv6: 0, Min Delay: -1 ms, Max Speed: 0.00 M/s, Avg Speed: 0.00 M/s, Max Resolution: None
Category: ☘️福建频道, Name: 宁化电视一套, Total: 1, Valid: 0, Valid Percent: 0.00%, Whitelist: 0, IPv4: 1, IPv6: 0, Min Delay: -1 ms, Max Speed: 0.00 M/s, Avg Speed: 0.00 M/s, Max Resolution: 720x576
Category: ☘️福建频道, Name: 建宁综合, Total: 2, Valid: 0, Valid Percent: 0.00%, Whitelist: 0, IPv4: 2, IPv6: 0, Min Delay: -1 ms, Max Speed: 0.00 M/s, Avg Speed: 0.00 M/s, Max Resolution: None
Category: ☘️四川频道, Name: 马尔康综合, Total: 5, Valid: 0, Valid Percent: 0.00%, Whitelist: 0, IPv4: 5, IPv6: 0, Min Delay: 10006 ms, Max Speed: 0.00 M/s, Avg Speed: 0.00 M/s, Max Resolution: None
Category: ☘️福建频道, Name: 晋江电视台, Total: 1, Valid: 0, Valid Percent: 0.00%, Whitelist: 0, IPv4: 1, IPv6: 0, Min Delay: -1 ms, Max Speed: 0.00 M/s, Avg Speed: 0.00 M/s, Max Resolution: 1280x720
Category: ☘️福建频道, Name: 泰宁新闻, Total: 1, Valid: 0, Valid Percent: 0.00%, Whitelist: 0, IPv4: 1, IPv6: 0, Min Delay: -1 ms, Max Speed: 0.00 M/s, Avg Speed: 0.00 M/s, Max Resolution: None
Category: ☘️四川频道, Name: 雅安公共, Total: 3, Valid: 0, Valid Percent: 0.00%, Whitelist: 0, IPv4: 3, IPv6: 0, Min Delay: -1 ms, Max Speed: 0.00 M/s, Avg Speed: 0.00 M/s, Max Resolution: None
Category: ☘️福建频道, Name: 龙岩新闻综合, Total: 2, Valid: 0, Valid Percent: 0.00%, Whitelist: 0, IPv4: 2, IPv6: 0, Min Delay: -1 ms, Max Speed: 0.00 M/s, Avg Speed: 0.00 M/s, Max Resolution: None
Category: ☘️四川频道, Name: 雅安雨城, Total: 3, Valid: 0, Valid Percent: 0.00%, Whitelist: 0, IPv4: 3, IPv6: 0, Min Delay: -1 ms, Max Speed: 0.00 M/s, Avg Speed: 0.00 M/s, Max Resolution: None
Category: ☘️福建频道, Name: 漳州新闻, Total: 1, Valid: 0, Valid Percent: 0.00%, Whitelist: 0, IPv4: 1, IPv6: 0, Min Delay: -1 ms, Max Speed: 0.00 M/s, Avg Speed: 0.00 M/s, Max Resolution: None
Category: ☘️福建频道, Name: 将乐综合, Total: 1, Valid: 0, Valid Percent: 0.00%, Whitelist: 0, IPv4: 1, IPv6: 0, Min Delay: -1 ms, Max Speed: 0.00 M/s, Avg Speed: 0.00 M/s, Max Resolution: None
Category: ☘️福建频道, Name: 德化新闻综合, Total: 1, Valid: 0, Valid Percent: 0.00%, Whitelist: 0, IPv4: 1, IPv6: 0, Min Delay: -1 ms, Max Speed: 0.00 M/s, Avg Speed: 0.00 M/s, Max Resolution: None
Category: ☘️福建频道, Name: 新罗电视一套, Total: 1, Valid: 0, Valid Percent: 0.00%, Whitelist: 0, IPv4: 1, IPv6: 0, Min Delay: -1 ms, Max Speed: 0.00 M/s, Avg Speed: 0.00 M/s, Max Resolution: None
Category: ☘️河南频道, Name: 睛彩许昌, Total: 1, Valid: 0, Valid Percent: 0.00%, Whitelist: 0, IPv4: 1, IPv6: 0, Min Delay: -1 ms, Max Speed: 0.00 M/s, Avg Speed: 0.00 M/s, Max Resolution: None
Category: ☘️河南频道, Name: 睛彩焦作, Total: 1, Valid: 0, Valid Percent: 0.00%, Whitelist: 0, IPv4: 1, IPv6: 0, Min Delay: -1 ms, Max Speed: 0.00 M/s, Avg Speed: 0.00 M/s, Max Resolution: None
Category: ☘️河南频道, Name: 河南都市, Total: 1, Valid: 1, Valid Percent: 100.00%, Whitelist: 0, IPv4: 1, IPv6: 0, Min Delay: 85 ms, Max Speed: 8.52 M/s, Avg Speed: 8.52 M/s, Max Resolution: 1920x1080
Category: ☘️福建频道, Name: 漳浦综合, Total: 4, Valid: 0, Valid Percent: 0.00%, Whitelist: 0, IPv4: 4, IPv6: 0, Min Delay: -1 ms, Max Speed: 0.00 M/s, Avg Speed: 0.00 M/s, Max Resolution: 1920x1080
Category: ☘️河北频道, Name: 邯郸新闻, Total: 2, Valid: 0, Valid Percent: 0.00%, Whitelist: 0, IPv4: 2, IPv6: 0, Min Delay: -1 ms, Max Speed: 0.00 M/s, Avg Speed: 0.00 M/s, Max Resolution: None
Category: ☘️河北频道, Name: 大厂一套, Total: 1, Valid: 0, Valid Percent: 0.00%, Whitelist: 0, IPv4: 1, IPv6: 0, Min Delay: -1 ms, Max Speed: 0.00 M/s, Avg Speed: 0.00 M/s, Max Resolution: None
Category: ☘️福建频道, Name: 福建公共, Total: 1, Valid: 1, Valid Percent: 100.00%, Whitelist: 0, IPv4: 1, IPv6: 0, Min Delay: 832 ms, Max Speed: 0.05 M/s, Avg Speed: 0.05 M/s, Max Resolution: 1920x1080
Category: ☘️贵州频道, Name: 松桃新闻, Total: 1, Valid: 0, Valid Percent: 0.00%, Whitelist: 0, IPv4: 1, IPv6: 0, Min Delay: -1 ms, Max Speed: 0.00 M/s, Avg Speed: 0.00 M/s, Max Resolution: None
Category: ☘️贵州频道, Name: 石阡新闻, Total: 1, Valid: 0, Valid Percent: 0.00%, Whitelist: 0, IPv4: 1, IPv6: 0, Min Delay: -1 ms, Max Speed: 0.00 M/s, Avg Speed: 0.00 M/s, Max Resolution: None
Category: ☘️福建频道, Name: 石狮综合, Total: 1, Valid: 0, Valid Percent: 0.00%, Whitelist: 0, IPv4: 1, IPv6: 0, Min Delay: -1 ms, Max Speed: 0.00 M/s, Avg Speed: 0.00 M/s, Max Resolution: None
Category: ☘️贵州频道, Name: 道真新闻综合, Total: 1, Valid: 0, Valid Percent: 0.00%, Whitelist: 0, IPv4: 1, IPv6: 0, Min Delay: -1 ms, Max Speed: 0.00 M/s, Avg Speed: 0.00 M/s, Max Resolution: None
Category: ☘️福建频道, Name: 福建文体, Total: 5, Valid: 0, Valid Percent: 0.00%, Whitelist: 0, IPv4: 5, IPv6: 0, Min Delay: -1 ms, Max Speed: 0.00 M/s, Avg Speed: 0.00 M/s, Max Resolution: None
Category: ☘️贵州频道, Name: 七星关电视台, Total: 1, Valid: 0, Valid Percent: 0.00%, Whitelist: 0, IPv4: 1, IPv6: 0, Min Delay: -1 ms, Max Speed: 0.00 M/s, Avg Speed: 0.00 M/s, Max Resolution: 1920x1080
Category: ☘️河北频道, Name: 河北都市, Total: 1, Valid: 1, Valid Percent: 100.00%, Whitelist: 0, IPv4: 1, IPv6: 0, Min Delay: 1317 ms, Max Speed: 0.08 M/s, Avg Speed: 0.08 M/s, Max Resolution: None
Category: ☘️河南频道, Name: 周口扶沟, Total: 1, Valid: 1, Valid Percent: 100.00%, Whitelist: 0, IPv4: 1, IPv6: 0, Min Delay: 10878 ms, Max Speed: 0.01 M/s, Avg Speed: 0.01 M/s, Max Resolution: 1920x1080
Category: ☘️贵州频道, Name: 贵州移动电视, Total: 7, Valid: 0, Valid Percent: 0.00%, Whitelist: 0, IPv4: 7, IPv6: 0, Min Delay: 1268 ms, Max Speed: 0.00 M/s, Avg Speed: 0.00 M/s, Max Resolution: 1920x1080
Category: ☘️福建频道, Name: 龙岩综合, Total: 3, Valid: 0, Valid Percent: 0.00%, Whitelist: 0, IPv4: 3, IPv6: 0, Min Delay: -1 ms, Max Speed: 0.00 M/s, Avg Speed: 0.00 M/s, Max Resolution: 1920x1080
Category: ☘️河北频道, Name: 邢台城生, Total: 1, Valid: 0, Valid Percent: 0.00%, Whitelist: 0, IPv4: 1, IPv6: 0, Min Delay: -1 ms, Max Speed: 0.00 M/s, Avg Speed: 0.00 M/s, Max Resolution: None
Category: ☘️河北频道, Name: 衡山, Total: 1, Valid: 0, Valid Percent: 0.00%, Whitelist: 0, IPv4: 1, IPv6: 0, Min Delay: -1 ms, Max Speed: 0.00 M/s, Avg Speed: 0.00 M/s, Max Resolution: 1280x720
Category: ☘️甘肃频道, Name: 临夏州综合, Total: 1, Valid: 1, Valid Percent: 100.00%, Whitelist: 0, IPv4: 1, IPv6: 0, Min Delay: 844 ms, Max Speed: 0.16 M/s, Avg Speed: 0.16 M/s, Max Resolution: 720x576
Category: ☘️贵州频道, Name: 清镇新闻综合, Total: 1, Valid: 0, Valid Percent: 0.00%, Whitelist: 0, IPv4: 1, IPv6: 0, Min Delay: -1 ms, Max Speed: 0.00 M/s, Avg Speed: 0.00 M/s, Max Resolution: 1920x1080
Category: ☘️贵州频道, Name: 凤冈综合, Total: 2, Valid: 0, Valid Percent: 0.00%, Whitelist: 0, IPv4: 2, IPv6: 0, Min Delay: -1 ms, Max Speed: 0.00 M/s, Avg Speed: 0.00 M/s, Max Resolution: None
Category: ☘️甘肃频道, Name: 嘉峪关综合, Total: 1, Valid: 1, Valid Percent: 100.00%, Whitelist: 0, IPv4: 1, IPv6: 0, Min Delay: 828 ms, Max Speed: 0.12 M/s, Avg Speed: 0.12 M/s, Max Resolution: 1920x1080
Category: ☘️甘肃频道, Name: 临潭综合, Total: 1, Valid: 0, Valid Percent: 0.00%, Whitelist: 0, IPv4: 1, IPv6: 0, Min Delay: -1 ms, Max Speed: 0.00 M/s, Avg Speed: 0.00 M/s, Max Resolution: None
Category: ☘️贵州频道, Name: 遵义新闻综合, Total: 1, Valid: 0, Valid Percent: 0.00%, Whitelist: 0, IPv4: 1, IPv6: 0, Min Delay: -1 ms, Max Speed: 0.00 M/s, Avg Speed: 0.00 M/s, Max Resolution: 1920x1080
Category: ☘️甘肃频道, Name: 卓尼综合, Total: 1, Valid: 0, Valid Percent: 0.00%, Whitelist: 0, IPv4: 1, IPv6: 0, Min Delay: -1 ms, Max Speed: 0.00 M/s, Avg Speed: 0.00 M/s, Max Resolution: None
Category: ☘️甘肃频道, Name: 天祝综合, Total: 1, Valid: 1, Valid Percent: 100.00%, Whitelist: 0, IPv4: 1, IPv6: 0, Min Delay: 1133 ms, Max Speed: 0.06 M/s, Avg Speed: 0.06 M/s, Max Resolution: 1920x1080
Category: ☘️甘肃频道, Name: 临洮综合, Total: 1, Valid: 0, Valid Percent: 0.00%, Whitelist: 0, IPv4: 1, IPv6: 0, Min Delay: -1 ms, Max Speed: 0.00 M/s, Avg Speed: 0.00 M/s, Max Resolution: None
Category: ☘️贵州频道, Name: 遵义公共, Total: 5, Valid: 0, Valid Percent: 0.00%, Whitelist: 0, IPv4: 5, IPv6: 0, Min Delay: -1 ms, Max Speed: 0.00 M/s, Avg Speed: 0.00 M/s, Max Resolution: 1920x1080
Category: ☘️甘肃频道, Name: 天水新闻综合, Total: 1, Valid: 0, Valid Percent: 0.00%, Whitelist: 0, IPv4: 1, IPv6: 0, Min Delay: -1 ms, Max Speed: 0.00 M/s, Avg Speed: 0.00 M/s, Max Resolution: None
Category: ☘️甘肃频道, Name: 崆峒综合, Total: 1, Valid: 0, Valid Percent: 0.00%, Whitelist: 0, IPv4: 1, IPv6: 0, Min Delay: -1 ms, Max Speed: 0.00 M/s, Avg Speed: 0.00 M/s, Max Resolution: None
Category: ☘️甘肃频道, Name: 定西公共, Total: 1, Valid: 0, Valid Percent: 0.00%, Whitelist: 0, IPv4: 1, IPv6: 0, Min Delay: -1 ms, Max Speed: 0.00 M/s, Avg Speed: 0.00 M/s, Max Resolution: None
Category: ☘️甘肃频道, Name: 武威凉州, Total: 1, Valid: 0, Valid Percent: 0.00%, Whitelist: 0, IPv4: 1, IPv6: 0, Min Delay: -1 ms, Max Speed: 0.00 M/s, Avg Speed: 0.00 M/s, Max Resolution: None
Category: ☘️甘肃频道, Name: 白银公共, Total: 1, Valid: 0, Valid Percent: 0.00%, Whitelist: 0, IPv4: 1, IPv6: 0, Min Delay: -1 ms, Max Speed: 0.00 M/s, Avg Speed: 0.00 M/s, Max Resolution: None
Category: ☘️甘肃频道, Name: 定西综合, Total: 2, Valid: 0, Valid Percent: 0.00%, Whitelist: 0, IPv4: 2, IPv6: 0, Min Delay: -1 ms, Max Speed: 0.00 M/s, Avg Speed: 0.00 M/s, Max Resolution: None
Category: ☘️甘肃频道, Name: 成县综合, Total: 1, Valid: 0, Valid Percent: 0.00%, Whitelist: 0, IPv4: 1, IPv6: 0, Min Delay: -1 ms, Max Speed: 0.00 M/s, Avg Speed: 0.00 M/s, Max Resolution: 1920x1080
Category: ☘️甘肃频道, Name: 岷县综合, Total: 2, Valid: 0, Valid Percent: 0.00%, Whitelist: 0, IPv4: 2, IPv6: 0, Min Delay: -1 ms, Max Speed: 0.00 M/s, Avg Speed: 0.00 M/s, Max Resolution: None
Category: ☘️甘肃频道, Name: 永昌综合, Total: 1, Valid: 1, Valid Percent: 100.00%, Whitelist: 0, IPv4: 1, IPv6: 0, Min Delay: 1653 ms, Max Speed: 1.12 M/s, Avg Speed: 1.12 M/s, Max Resolution: 1920x1080
Category: ☘️甘肃频道, Name: 甘南综合, Total: 1, Valid: 1, Valid Percent: 100.00%, Whitelist: 0, IPv4: 1, IPv6: 0, Min Delay: 1458 ms, Max Speed: 0.17 M/s, Avg Speed: 0.17 M/s, Max Resolution: 1920x1080
Category: ☘️甘肃频道, Name: 白银综合, Total: 1, Valid: 1, Valid Percent: 100.00%, Whitelist: 0, IPv4: 1, IPv6: 0, Min Delay: 1224 ms, Max Speed: 0.20 M/s, Avg Speed: 0.20 M/s, Max Resolution: 1920x1080
Category: ☘️甘肃频道, Name: 景泰综合, Total: 2, Valid: 0, Valid Percent: 0.00%, Whitelist: 0, IPv4: 2, IPv6: 0, Min Delay: -1 ms, Max Speed: 0.00 M/s, Avg Speed: 0.00 M/s, Max Resolution: 1920x1080
Category: ☘️甘肃频道, Name: 秦安综合, Total: 1, Valid: 1, Valid Percent: 100.00%, Whitelist: 0, IPv4: 1, IPv6: 0, Min Delay: 2102 ms, Max Speed: 0.88 M/s, Avg Speed: 0.88 M/s, Max Resolution: 1920x1080
Category: ☘️甘肃频道, Name: 武威新闻, Total: 1, Valid: 0, Valid Percent: 0.00%, Whitelist: 0, IPv4: 1, IPv6: 0, Min Delay: -1 ms, Max Speed: 0.00 M/s, Avg Speed: 0.00 M/s, Max Resolution: 1920x1080
Category: ☘️甘肃频道, Name: 碌曲综合, Total: 1, Valid: 0, Valid Percent: 0.00%, Whitelist: 0, IPv4: 1, IPv6: 0, Min Delay: -1 ms, Max Speed: 0.00 M/s, Avg Speed: 0.00 M/s, Max Resolution: None
Category: ☘️甘肃频道, Name: 舟曲新闻, Total: 1, Valid: 0, Valid Percent: 0.00%, Whitelist: 0, IPv4: 1, IPv6: 0, Min Delay: -1 ms, Max Speed: 0.00 M/s, Avg Speed: 0.00 M/s, Max Resolution: None
Category: ☘️甘肃频道, Name: 礼县综合, Total: 1, Valid: 0, Valid Percent: 0.00%, Whitelist: 0, IPv4: 1, IPv6: 0, Min Delay: -1 ms, Max Speed: 0.00 M/s, Avg Speed: 0.00 M/s, Max Resolution: None
Category: ☘️甘肃频道, Name: 金昌综合, Total: 1, Valid: 0, Valid Percent: 0.00%, Whitelist: 0, IPv4: 1, IPv6: 0, Min Delay: 239 ms, Max Speed: 0.00 M/s, Avg Speed: 0.00 M/s, Max Resolution: None
Category: ☘️甘肃频道, Name: 西峰综合, Total: 3, Valid: 2, Valid Percent: 66.67%, Whitelist: 0, IPv4: 3, IPv6: 0, Min Delay: 2074 ms, Max Speed: 1.47 M/s, Avg Speed: 1.46 M/s, Max Resolution: 1280x720
Category: ☘️新疆频道, Name: 哈密三套, Total: 1, Valid: 1, Valid Percent: 100.00%, Whitelist: 0, IPv4: 1, IPv6: 0, Min Delay: 38 ms, Max Speed: 17.87 M/s, Avg Speed: 17.87 M/s, Max Resolution: 1920x1080
Category: ☘️新疆频道, Name: 哈密二套, Total: 1, Valid: 1, Valid Percent: 100.00%, Whitelist: 0, IPv4: 1, IPv6: 0, Min Delay: 37 ms, Max Speed: 17.05 M/s, Avg Speed: 17.05 M/s, Max Resolution: 1920x1080
Category: ☘️甘肃频道, Name: 通渭综合, Total: 4, Valid: 0, Valid Percent: 0.00%, Whitelist: 0, IPv4: 4, IPv6: 0, Min Delay: -1 ms, Max Speed: 0.00 M/s, Avg Speed: 0.00 M/s, Max Resolution: 1920x1080
Category: ☘️新疆频道, Name: 伊犁汉语综合, Total: 2, Valid: 0, Valid Percent: 0.00%, Whitelist: 0, IPv4: 2, IPv6: 0, Min Delay: -1 ms, Max Speed: 0.00 M/s, Avg Speed: 0.00 M/s, Max Resolution: None
Category: ☘️甘肃频道, Name: 金川综合, Total: 2, Valid: 0, Valid Percent: 0.00%, Whitelist: 0, IPv4: 2, IPv6: 0, Min Delay: -1 ms, Max Speed: 0.00 M/s, Avg Speed: 0.00 M/s, Max Resolution: None
Category: ☘️新疆频道, Name: 伊犁维吾尔, Total: 2, Valid: 2, Valid Percent: 100.00%, Whitelist: 0, IPv4: 2, IPv6: 0, Min Delay: 3122 ms, Max Speed: 1.00 M/s, Avg Speed: 0.99 M/s, Max Resolution: 1920x1080
Category: ☘️新疆频道, Name: 伊犁哈萨克, Total: 1, Valid: 1, Valid Percent: 100.00%, Whitelist: 0, IPv4: 1, IPv6: 0, Min Delay: 3065 ms, Max Speed: 1.02 M/s, Avg Speed: 1.02 M/s, Max Resolution: 1920x1080
Category: ☘️甘肃频道, Name: 陇西综合, Total: 1, Valid: 0, Valid Percent: 0.00%, Whitelist: 0, IPv4: 1, IPv6: 0, Min Delay: -1 ms, Max Speed: 0.00 M/s, Avg Speed: 0.00 M/s, Max Resolution: None
Category: ☘️甘肃频道, Name: 靖远综合, Total: 2, Valid: 0, Valid Percent: 0.00%, Whitelist: 0, IPv4: 2, IPv6: 0, Min Delay: -1 ms, Max Speed: 0.00 M/s, Avg Speed: 0.00 M/s, Max Resolution: 1920x1080
Category: ☘️甘肃频道, Name: 静宁综合, Total: 1, Valid: 0, Valid Percent: 0.00%, Whitelist: 0, IPv4: 1, IPv6: 0, Min Delay: -1 ms, Max Speed: 0.00 M/s, Avg Speed: 0.00 M/s, Max Resolution: None
Category: ☘️新疆频道, Name: 兵团五师双河新闻综合, Total: 2, Valid: 2, Valid Percent: 100.00%, Whitelist: 0, IPv4: 2, IPv6: 0, Min Delay: 1357 ms, Max Speed: 0.15 M/s, Avg Speed: 0.14 M/s, Max Resolution: 720x576
Category: ☘️新疆频道, Name: 伊犁经济法制, Total: 2, Valid: 2, Valid Percent: 100.00%, Whitelist: 0, IPv4: 2, IPv6: 0, Min Delay: 3067 ms, Max Speed: 1.01 M/s, Avg Speed: 0.97 M/s, Max Resolution: 1920x1080
Category: ☘️新疆频道, Name: 奎屯哈萨克语, Total: 3, Valid: 2, Valid Percent: 66.67%, Whitelist: 0, IPv4: 3, IPv6: 0, Min Delay: 1790 ms, Max Speed: 0.07 M/s, Avg Speed: 0.06 M/s, Max Resolution: 1920x1080
Category: ☘️新疆频道, Name: 玛纳斯综合, Total: 3, Valid: 3, Valid Percent: 100.00%, Whitelist: 0, IPv4: 3, IPv6: 0, Min Delay: 5460 ms, Max Speed: 0.21 M/s, Avg Speed: 0.20 M/s, Max Resolution: 1920x1080
Category: ☘️新疆频道, Name: 哈密一套, Total: 1, Valid: 1, Valid Percent: 100.00%, Whitelist: 0, IPv4: 1, IPv6: 0, Min Delay: 356 ms, Max Speed: 0.18 M/s, Avg Speed: 0.18 M/s, Max Resolution: 1920x1080
Category: ☘️新疆频道, Name: 巴音郭楞州, Total: 1, Valid: 0, Valid Percent: 0.00%, Whitelist: 0, IPv4: 1, IPv6: 0, Min Delay: -1 ms, Max Speed: 0.00 M/s, Avg Speed: 0.00 M/s, Max Resolution: 1920x1080
Category: ☘️新疆频道, Name: 奎屯汉语综合, Total: 2, Valid: 1, Valid Percent: 50.00%, Whitelist: 0, IPv4: 2, IPv6: 0, Min Delay: 1787 ms, Max Speed: 0.07 M/s, Avg Speed: 0.07 M/s, Max Resolution: 1920x1080
Category: ☘️新疆频道, Name: 石河子教育, Total: 1, Valid: 0, Valid Percent: 0.00%, Whitelist: 0, IPv4: 1, IPv6: 0, Min Delay: -1 ms, Max Speed: 0.00 M/s, Avg Speed: 0.00 M/s, Max Resolution: 1920x1080
Category: ☘️新疆频道, Name: 石河子新闻综合, Total: 1, Valid: 0, Valid Percent: 0.00%, Whitelist: 0, IPv4: 1, IPv6: 0, Min Delay: -1 ms, Max Speed: 0.00 M/s, Avg Speed: 0.00 M/s, Max Resolution: 1920x1080
Category: ☘️新疆频道, Name: 兵团四师可克达拉综合, Total: 1, Valid: 0, Valid Percent: 0.00%, Whitelist: 0, IPv4: 1, IPv6: 0, Min Delay: -1 ms, Max Speed: 0.00 M/s, Avg Speed: 0.00 M/s, Max Resolution: None
Category: ☘️新疆频道, Name: 兵团八师石河子新闻综合, Total: 1, Valid: 0, Valid Percent: 0.00%, Whitelist: 0, IPv4: 1, IPv6: 0, Min Delay: -1 ms, Max Speed: 0.00 M/s, Avg Speed: 0.00 M/s, Max Resolution: 1920x1080
Category: ☘️新疆频道, Name: 兵团八师石河子经济生活, Total: 1, Valid: 0, Valid Percent: 0.00%, Whitelist: 0, IPv4: 1, IPv6: 0, Min Delay: -1 ms, Max Speed: 0.00 M/s, Avg Speed: 0.00 M/s, Max Resolution: 1920x1080
Category: ☘️新疆频道, Name: 霍尔果斯综合, Total: 2, Valid: 0, Valid Percent: 0.00%, Whitelist: 0, IPv4: 2, IPv6: 0, Min Delay: -1 ms, Max Speed: 0.00 M/s, Avg Speed: 0.00 M/s, Max Resolution: None
Category: ☘️新疆频道, Name: 可克达拉综合, Total: 4, Valid: 1, Valid Percent: 25.00%, Whitelist: 0, IPv4: 4, IPv6: 0, Min Delay: 10648 ms, Max Speed: 0.18 M/s, Avg Speed: 0.18 M/s, Max Resolution: 1920x1080
Category: ☘️新疆频道, Name: 石河子影视文体, Total: 2, Valid: 0, Valid Percent: 0.00%, Whitelist: 0, IPv4: 2, IPv6: 0, Min Delay: -1 ms, Max Speed: 0.00 M/s, Avg Speed: 0.00 M/s, Max Resolution: None
Category: ☘️新疆频道, Name: 石河子经济生活, Total: 1, Valid: 0, Valid Percent: 0.00%, Whitelist: 0, IPv4: 1, IPv6: 0, Min Delay: -1 ms, Max Speed: 0.00 M/s, Avg Speed: 0.00 M/s, Max Resolution: 1920x1080
Category: ☘️山东频道, Name: 山东国际, Total: 1, Valid: 0, Valid Percent: 0.00%, Whitelist: 0, IPv4: 1, IPv6: 0, Min Delay: -1 ms, Max Speed: 0.00 M/s, Avg Speed: 0.00 M/s, Max Resolution: None
Category: ☘️山东频道, Name: 山东文旅, Total: 4, Valid: 1, Valid Percent: 25.00%, Whitelist: 0, IPv4: 4, IPv6: 0, Min Delay: 10211 ms, Max Speed: 0.12 M/s, Avg Speed: 0.12 M/s, Max Resolution: 1920x1080
Category: ☘️山东频道, Name: 青岛城阳, Total: 1, Valid: 0, Valid Percent: 0.00%, Whitelist: 0, IPv4: 1, IPv6: 0, Min Delay: -1 ms, Max Speed: 0.00 M/s, Avg Speed: 0.00 M/s, Max Resolution: None
Category: ☘️山东频道, Name: 济南生活, Total: 1, Valid: 0, Valid Percent: 0.00%, Whitelist: 0, IPv4: 1, IPv6: 0, Min Delay: -1 ms, Max Speed: 0.00 M/s, Avg Speed: 0.00 M/s, Max Resolution: None
Category: ☘️山东频道, Name: 济南都市, Total: 4, Valid: 0, Valid Percent: 0.00%, Whitelist: 0, IPv4: 4, IPv6: 0, Min Delay: -1 ms, Max Speed: 0.00 M/s, Avg Speed: 0.00 M/s, Max Resolution: 720x576
Category: ☘️山东频道, Name: 济南影视, Total: 3, Valid: 0, Valid Percent: 0.00%, Whitelist: 0, IPv4: 3, IPv6: 0, Min Delay: -1 ms, Max Speed: 0.00 M/s, Avg Speed: 0.00 M/s, Max Resolution: 720x576
Category: ☘️山东频道, Name: 济南少儿, Total: 1, Valid: 0, Valid Percent: 0.00%, Whitelist: 0, IPv4: 1, IPv6: 0, Min Delay: -1 ms, Max Speed: 0.00 M/s, Avg Speed: 0.00 M/s, Max Resolution: None
Category: ☘️山东频道, Name: 济南娱乐, Total: 1, Valid: 0, Valid Percent: 0.00%, Whitelist: 0, IPv4: 1, IPv6: 0, Min Delay: -1 ms, Max Speed: 0.00 M/s, Avg Speed: 0.00 M/s, Max Resolution: None
Category: ☘️山东频道, Name: 济南商务, Total: 1, Valid: 0, Valid Percent: 0.00%, Whitelist: 0, IPv4: 1, IPv6: 0, Min Delay: -1 ms, Max Speed: 0.00 M/s, Avg Speed: 0.00 M/s, Max Resolution: None
Category: ☘️山东频道, Name: 济南鲁中, Total: 1, Valid: 0, Valid Percent: 0.00%, Whitelist: 0, IPv4: 1, IPv6: 0, Min Delay: -1 ms, Max Speed: 0.00 M/s, Avg Speed: 0.00 M/s, Max Resolution: None
Category: ☘️山东频道, Name: 济宁图文, Total: 2, Valid: 0, Valid Percent: 0.00%, Whitelist: 0, IPv4: 2, IPv6: 0, Min Delay: -1 ms, Max Speed: 0.00 M/s, Avg Speed: 0.00 M/s, Max Resolution: None
Category: ☘️山东频道, Name: 济宁教育, Total: 1, Valid: 0, Valid Percent: 0.00%, Whitelist: 0, IPv4: 1, IPv6: 0, Min Delay: -1 ms, Max Speed: 0.00 M/s, Avg Speed: 0.00 M/s, Max Resolution: None
Category: ☘️山东频道, Name: 济宁新闻综合, Total: 1, Valid: 0, Valid Percent: 0.00%, Whitelist: 0, IPv4: 1, IPv6: 0, Min Delay: -1 ms, Max Speed: 0.00 M/s, Avg Speed: 0.00 M/s, Max Resolution: None
Category: ☘️山东频道, Name: 中华美食, Total: 3, Valid: 0, Valid Percent: 0.00%, Whitelist: 0, IPv4: 3, IPv6: 0, Min Delay: -1 ms, Max Speed: 0.00 M/s, Avg Speed: 0.00 M/s, Max Resolution: None
Category: ☘️山东频道, Name: 青州电视台新闻综合, Total: 1, Valid: 0, Valid Percent: 0.00%, Whitelist: 0, IPv4: 1, IPv6: 0, Min Delay: -1 ms, Max Speed: 0.00 M/s, Avg Speed: 0.00 M/s, Max Resolution: 720x576
Category: ☘️山东频道, Name: 青州电视台文化旅游, Total: 2, Valid: 0, Valid Percent: 0.00%, Whitelist: 0, IPv4: 2, IPv6: 0, Min Delay: -1 ms, Max Speed: 0.00 M/s, Avg Speed: 0.00 M/s, Max Resolution: 720x576
Category: ☘️山东频道, Name: 临沂新闻综合, Total: 1, Valid: 0, Valid Percent: 0.00%, Whitelist: 0, IPv4: 1, IPv6: 0, Min Delay: -1 ms, Max Speed: 0.00 M/s, Avg Speed: 0.00 M/s, Max Resolution: None
Category: ☘️山东频道, Name: 青州电视台生活, Total: 1, Valid: 0, Valid Percent: 0.00%, Whitelist: 0, IPv4: 1, IPv6: 0, Min Delay: -1 ms, Max Speed: 0.00 M/s, Avg Speed: 0.00 M/s, Max Resolution: 720x576
Category: ☘️山东频道, Name: 青州综合, Total: 9, Valid: 0, Valid Percent: 0.00%, Whitelist: 0, IPv4: 9, IPv6: 0, Min Delay: -1 ms, Max Speed: 0.00 M/s, Avg Speed: 0.00 M/s, Max Resolution: 1920x1080
Category: ☘️山东频道, Name: 济宁公共, Total: 5, Valid: 0, Valid Percent: 0.00%, Whitelist: 0, IPv4: 5, IPv6: 0, Min Delay: -1 ms, Max Speed: 0.00 M/s, Avg Speed: 0.00 M/s, Max Resolution: None
Category: ☘️山东频道, Name: 东营综合, Total: 4, Valid: 0, Valid Percent: 0.00%, Whitelist: 0, IPv4: 4, IPv6: 0, Min Delay: 5584 ms, Max Speed: 0.00 M/s, Avg Speed: 0.00 M/s, Max Resolution: 1920x1080
Category: ☘️山东频道, Name: 临沂农科, Total: 3, Valid: 0, Valid Percent: 0.00%, Whitelist: 0, IPv4: 3, IPv6: 0, Min Delay: -1 ms, Max Speed: 0.00 M/s, Avg Speed: 0.00 M/s, Max Resolution: 1920x1080
Category: ☘️山东频道, Name: 枣庄公共, Total: 5, Valid: 0, Valid Percent: 0.00%, Whitelist: 0, IPv4: 5, IPv6: 0, Min Delay: -1 ms, Max Speed: 0.00 M/s, Avg Speed: 0.00 M/s, Max Resolution: 960x540
Category: ☘️山东频道, Name: 枣庄教育, Total: 4, Valid: 0, Valid Percent: 0.00%, Whitelist: 0, IPv4: 4, IPv6: 0, Min Delay: -1 ms, Max Speed: 0.00 M/s, Avg Speed: 0.00 M/s, Max Resolution: 960x540
Category: ☘️山东频道, Name: 枣庄新闻综合, Total: 4, Valid: 0, Valid Percent: 0.00%, Whitelist: 0, IPv4: 4, IPv6: 0, Min Delay: -1 ms, Max Speed: 0.00 M/s, Avg Speed: 0.00 M/s, Max Resolution: 1280x720
Category: ☘️山东频道, Name: 淄博生活, Total: 4, Valid: 0, Valid Percent: 0.00%, Whitelist: 0, IPv4: 4, IPv6: 0, Min Delay: -1 ms, Max Speed: 0.00 M/s, Avg Speed: 0.00 M/s, Max Resolution: 720x576
Category: ☘️山东频道, Name: 淄博都市, Total: 4, Valid: 0, Valid Percent: 0.00%, Whitelist: 0, IPv4: 4, IPv6: 0, Min Delay: -1 ms, Max Speed: 0.00 M/s, Avg Speed: 0.00 M/s, Max Resolution: 720x576
Category: ☘️山东频道, Name: 滨州公共, Total: 1, Valid: 0, Valid Percent: 0.00%, Whitelist: 0, IPv4: 1, IPv6: 0, Min Delay: -1 ms, Max Speed: 0.00 M/s, Avg Speed: 0.00 M/s, Max Resolution: None
Category: ☘️山东频道, Name: 烟台公共, Total: 5, Valid: 0, Valid Percent: 0.00%, Whitelist: 0, IPv4: 5, IPv6: 0, Min Delay: -1 ms, Max Speed: 0.00 M/s, Avg Speed: 0.00 M/s, Max Resolution: 1280x720
Category: ☘️山东频道, Name: 烟台新闻综合, Total: 3, Valid: 0, Valid Percent: 0.00%, Whitelist: 0, IPv4: 3, IPv6: 0, Min Delay: -1 ms, Max Speed: 0.00 M/s, Avg Speed: 0.00 M/s, Max Resolution: 1280x720
Category: ☘️山西频道, Name: 吉县新闻综合, Total: 2, Valid: 0, Valid Percent: 0.00%, Whitelist: 0, IPv4: 2, IPv6: 0, Min Delay: -1 ms, Max Speed: 0.00 M/s, Avg Speed: 0.00 M/s, Max Resolution: 1920x1080
Category: ☘️山东频道, Name: 菏泽三套影视, Total: 1, Valid: 0, Valid Percent: 0.00%, Whitelist: 0, IPv4: 1, IPv6: 0, Min Delay: -1 ms, Max Speed: 0.00 M/s, Avg Speed: 0.00 M/s, Max Resolution: 1280x720
Category: ☘️山东频道, Name: 烟台经济科技, Total: 3, Valid: 0, Valid Percent: 0.00%, Whitelist: 0, IPv4: 3, IPv6: 0, Min Delay: -1 ms, Max Speed: 0.00 M/s, Avg Speed: 0.00 M/s, Max Resolution: 1280x720
Category: ☘️山西频道, Name: 太谷新闻综合, Total: 1, Valid: 1, Valid Percent: 100.00%, Whitelist: 0, IPv4: 1, IPv6: 0, Min Delay: 1099 ms, Max Speed: 1.33 M/s, Avg Speed: 1.33 M/s, Max Resolution: 1920x1080
Category: ☘️山东频道, Name: 菏泽影, Total: 1, Valid: 0, Valid Percent: 0.00%, Whitelist: 0, IPv4: 1, IPv6: 0, Min Delay: -1 ms, Max Speed: 0.00 M/s, Avg Speed: 0.00 M/s, Max Resolution: 1280x720
Category: ☘️山西频道, Name: 万荣综合, Total: 1, Valid: 1, Valid Percent: 100.00%, Whitelist: 0, IPv4: 1, IPv6: 0, Min Delay: 10558 ms, Max Speed: 0.06 M/s, Avg Speed: 0.06 M/s, Max Resolution: 720x404
Category: ☘️山西频道, Name: 大宁综合, Total: 2, Valid: 2, Valid Percent: 100.00%, Whitelist: 0, IPv4: 2, IPv6: 0, Min Delay: 951 ms, Max Speed: 0.06 M/s, Avg Speed: 0.04 M/s, Max Resolution: 10x10
Category: ☘️山东频道, Name: 菏泽新闻综合, Total: 2, Valid: 0, Valid Percent: 0.00%, Whitelist: 0, IPv4: 2, IPv6: 0, Min Delay: -1 ms, Max Speed: 0.00 M/s, Avg Speed: 0.00 M/s, Max Resolution: 1280x720
Category: ☘️山东频道, Name: 菏泽经济生活, Total: 2, Valid: 0, Valid Percent: 0.00%, Whitelist: 0, IPv4: 2, IPv6: 0, Min Delay: -1 ms, Max Speed: 0.00 M/s, Avg Speed: 0.00 M/s, Max Resolution: 1280x720
Category: ☘️山西频道, Name: 山西文体, Total: 1, Valid: 0, Valid Percent: 0.00%, Whitelist: 0, IPv4: 1, IPv6: 0, Min Delay: -1 ms, Max Speed: 0.00 M/s, Avg Speed: 0.00 M/s, Max Resolution: None
Category: ☘️山西频道, Name: 山西法治, Total: 1, Valid: 0, Valid Percent: 0.00%, Whitelist: 0, IPv4: 1, IPv6: 0, Min Delay: -1 ms, Max Speed: 0.00 M/s, Avg Speed: 0.00 M/s, Max Resolution: None
Category: ☘️山西频道, Name: 灵石新闻综合, Total: 1, Valid: 0, Valid Percent: 0.00%, Whitelist: 0, IPv4: 1, IPv6: 0, Min Delay: -1 ms, Max Speed: 0.00 M/s, Avg Speed: 0.00 M/s, Max Resolution: None
Category: ☘️山西频道, Name: 运城公共, Total: 2, Valid: 0, Valid Percent: 0.00%, Whitelist: 0, IPv4: 2, IPv6: 0, Min Delay: -1 ms, Max Speed: 0.00 M/s, Avg Speed: 0.00 M/s, Max Resolution: None
Category: ☘️山西频道, Name: 长治公共, Total: 1, Valid: 0, Valid Percent: 0.00%, Whitelist: 0, IPv4: 1, IPv6: 0, Min Delay: -1 ms, Max Speed: 0.00 M/s, Avg Speed: 0.00 M/s, Max Resolution: 640x480
Category: ☘️山西频道, Name: 黄河电视台, Total: 1, Valid: 0, Valid Percent: 0.00%, Whitelist: 0, IPv4: 1, IPv6: 0, Min Delay: -1 ms, Max Speed: 0.00 M/s, Avg Speed: 0.00 M/s, Max Resolution: None
Category: ☘️山西频道, Name: 高平综合, Total: 4, Valid: 0, Valid Percent: 0.00%, Whitelist: 0, IPv4: 4, IPv6: 0, Min Delay: -1 ms, Max Speed: 0.00 M/s, Avg Speed: 0.00 M/s, Max Resolution: 320x240
Category: ☘️安徽频道, Name: 合肥公共, Total: 1, Valid: 0, Valid Percent: 0.00%, Whitelist: 0, IPv4: 1, IPv6: 0, Min Delay: -1 ms, Max Speed: 0.00 M/s, Avg Speed: 0.00 M/s, Max Resolution: None
Category: ☘️山西频道, Name: 黎城综合, Total: 1, Valid: 1, Valid Percent: 100.00%, Whitelist: 0, IPv4: 1, IPv6: 0, Min Delay: 2431 ms, Max Speed: 1.16 M/s, Avg Speed: 1.16 M/s, Max Resolution: 1920x1080
Category: ☘️山西频道, Name: 山西经济与科技, Total: 50, Valid: 0, Valid Percent: 0.00%, Whitelist: 0, IPv4: 50, IPv6: 0, Min Delay: -1 ms, Max Speed: 0.00 M/s, Avg Speed: 0.00 M/s, Max Resolution: 1920x1080
Category: ☘️山西频道, Name: 长子综合, Total: 1, Valid: 1, Valid Percent: 100.00%, Whitelist: 0, IPv4: 1, IPv6: 0, Min Delay: 10995 ms, Max Speed: 0.14 M/s, Avg Speed: 0.14 M/s, Max Resolution: None
Category: ☘️山西频道, Name: 潞城新闻综合, Total: 3, Valid: 0, Valid Percent: 0.00%, Whitelist: 0, IPv4: 3, IPv6: 0, Min Delay: -1 ms, Max Speed: 0.00 M/s, Avg Speed: 0.00 M/s, Max Resolution: None
Category: ☘️安徽频道, Name: 安徽国际, Total: 1, Valid: 1, Valid Percent: 100.00%, Whitelist: 0, IPv4: 1, IPv6: 0, Min Delay: 514 ms, Max Speed: 0.00 M/s, Avg Speed: 0.00 M/s, Max Resolution: 1920x1080
Category: ☘️安徽频道, Name: 安徽影视, Total: 1, Valid: 1, Valid Percent: 100.00%, Whitelist: 0, IPv4: 1, IPv6: 0, Min Delay: 533 ms, Max Speed: 0.01 M/s, Avg Speed: 0.01 M/s, Max Resolution: 1920x1080
Category: ☘️安徽频道, Name: 固镇新闻, Total: 1, Valid: 1, Valid Percent: 100.00%, Whitelist: 0, IPv4: 1, IPv6: 0, Min Delay: 10503 ms, Max Speed: 0.02 M/s, Avg Speed: 0.02 M/s, Max Resolution: 1920x1080
Category: ☘️安徽频道, Name: 祁门综合, Total: 3, Valid: 0, Valid Percent: 0.00%, Whitelist: 0, IPv4: 3, IPv6: 0, Min Delay: -1 ms, Max Speed: 0.00 M/s, Avg Speed: 0.00 M/s, Max Resolution: 1920x1080
Category: ☘️安徽频道, Name: 合肥新闻, Total: 10, Valid: 1, Valid Percent: 10.00%, Whitelist: 0, IPv4: 10, IPv6: 0, Min Delay: 10806 ms, Max Speed: 0.10 M/s, Avg Speed: 0.10 M/s, Max Resolution: 1920x1080
Category: ☘️安徽频道, Name: 歙县综合, Total: 1, Valid: 0, Valid Percent: 0.00%, Whitelist: 0, IPv4: 1, IPv6: 0, Min Delay: -1 ms, Max Speed: 0.00 M/s, Avg Speed: 0.00 M/s, Max Resolution: None
Category: ☘️安徽频道, Name: 灵璧综合, Total: 3, Valid: 2, Valid Percent: 66.67%, Whitelist: 0, IPv4: 3, IPv6: 0, Min Delay: 3079 ms, Max Speed: 0.19 M/s, Avg Speed: 0.19 M/s, Max Resolution: 640x480
Category: ☘️安徽频道, Name: 肥西综合, Total: 1, Valid: 0, Valid Percent: 0.00%, Whitelist: 0, IPv4: 1, IPv6: 0, Min Delay: -1 ms, Max Speed: 0.00 M/s, Avg Speed: 0.00 M/s, Max Resolution: None
Category: ☘️安徽频道, Name: 涡阳新闻综合, Total: 1, Valid: 0, Valid Percent: 0.00%, Whitelist: 0, IPv4: 1, IPv6: 0, Min Delay: -1 ms, Max Speed: 0.00 M/s, Avg Speed: 0.00 M/s, Max Resolution: 544x480
Category: ☘️安徽频道, Name: 阜南新闻综合, Total: 1, Valid: 0, Valid Percent: 0.00%, Whitelist: 0, IPv4: 1, IPv6: 0, Min Delay: -1 ms, Max Speed: 0.00 M/s, Avg Speed: 0.00 M/s, Max Resolution: None
Category: ☘️安徽频道, Name: 霍山综合, Total: 1, Valid: 0, Valid Percent: 0.00%, Whitelist: 0, IPv4: 1, IPv6: 0, Min Delay: -1 ms, Max Speed: 0.00 M/s, Avg Speed: 0.00 M/s, Max Resolution: None
Category: ☘️安徽频道, Name: 广德生活, Total: 1, Valid: 1, Valid Percent: 100.00%, Whitelist: 0, IPv4: 1, IPv6: 0, Min Delay: 2325 ms, Max Speed: 0.80 M/s, Avg Speed: 0.80 M/s, Max Resolution: 1920x1080
Category: ☘️安徽频道, Name: 金寨综合, Total: 1, Valid: 0, Valid Percent: 0.00%, Whitelist: 0, IPv4: 1, IPv6: 0, Min Delay: -1 ms, Max Speed: 0.00 M/s, Avg Speed: 0.00 M/s, Max Resolution: None
Category: ☘️安徽频道, Name: 亳州新闻, Total: 1, Valid: 1, Valid Percent: 100.00%, Whitelist: 0, IPv4: 1, IPv6: 0, Min Delay: 50 ms, Max Speed: 14.75 M/s, Avg Speed: 14.75 M/s, Max Resolution: 1920x1080
Category: ☘️安徽频道, Name: 亳州农村, Total: 1, Valid: 1, Valid Percent: 100.00%, Whitelist: 0, IPv4: 1, IPv6: 0, Min Delay: 40 ms, Max Speed: 16.74 M/s, Avg Speed: 16.74 M/s, Max Resolution: 1920x1080
Category: ☘️安徽频道, Name: 芜湖新闻综合, Total: 3, Valid: 0, Valid Percent: 0.00%, Whitelist: 0, IPv4: 3, IPv6: 0, Min Delay: -1 ms, Max Speed: 0.00 M/s, Avg Speed: 0.00 M/s, Max Resolution: None
Category: ☘️安徽频道, Name: 芜湖公共, Total: 1, Valid: 0, Valid Percent: 0.00%, Whitelist: 0, IPv4: 1, IPv6: 0, Min Delay: -1 ms, Max Speed: 0.00 M/s, Avg Speed: 0.00 M/s, Max Resolution: None
Category: ☘️宁夏频道, Name: 宁夏公共, Total: 3, Valid: 0, Valid Percent: 0.00%, Whitelist: 0, IPv4: 3, IPv6: 0, Min Delay: -1 ms, Max Speed: 0.00 M/s, Avg Speed: 0.00 M/s, Max Resolution: 1280x720
Category: ☘️宁夏频道, Name: 吴忠综合, Total: 3, Valid: 2, Valid Percent: 66.67%, Whitelist: 0, IPv4: 3, IPv6: 0, Min Delay: 1250 ms, Max Speed: 0.07 M/s, Avg Speed: 0.07 M/s, Max Resolution: 1280x720
Category: ☘️宁夏频道, Name: 吴忠公共, Total: 3, Valid: 2, Valid Percent: 66.67%, Whitelist: 0, IPv4: 3, IPv6: 0, Min Delay: 1208 ms, Max Speed: 0.07 M/s, Avg Speed: 0.07 M/s, Max Resolution: 320x240
Category: ☘️安徽频道, Name: 淮南新闻综合, Total: 3, Valid: 0, Valid Percent: 0.00%, Whitelist: 0, IPv4: 3, IPv6: 0, Min Delay: -1 ms, Max Speed: 0.00 M/s, Avg Speed: 0.00 M/s, Max Resolution: None
Category: ☘️安徽频道, Name: 淮南公共, Total: 2, Valid: 0, Valid Percent: 0.00%, Whitelist: 0, IPv4: 2, IPv6: 0, Min Delay: -1 ms, Max Speed: 0.00 M/s, Avg Speed: 0.00 M/s, Max Resolution: None
Category: ☘️宁夏频道, Name: 石嘴山综合, Total: 1, Valid: 0, Valid Percent: 0.00%, Whitelist: 0, IPv4: 1, IPv6: 0, Min Delay: -1 ms, Max Speed: 0.00 M/s, Avg Speed: 0.00 M/s, Max Resolution: None
Category: ☘️吉林频道, Name: 吉林公共, Total: 1, Valid: 0, Valid Percent: 0.00%, Whitelist: 0, IPv4: 1, IPv6: 0, Min Delay: -1 ms, Max Speed: 0.00 M/s, Avg Speed: 0.00 M/s, Max Resolution: None
Category: ☘️吉林频道, Name: 吉林影院, Total: 1, Valid: 0, Valid Percent: 0.00%, Whitelist: 0, IPv4: 1, IPv6: 0, Min Delay: -1 ms, Max Speed: 0.00 M/s, Avg Speed: 0.00 M/s, Max Resolution: None
Category: ☘️吉林频道, Name: 延边-1, Total: 3, Valid: 0, Valid Percent: 0.00%, Whitelist: 0, IPv4: 3, IPv6: 0, Min Delay: -1 ms, Max Speed: 0.00 M/s, Avg Speed: 0.00 M/s, Max Resolution: 1280x720
Category: ☘️安徽频道, Name: 当涂新闻综合, Total: 1, Valid: 0, Valid Percent: 0.00%, Whitelist: 0, IPv4: 1, IPv6: 0, Min Delay: -1 ms, Max Speed: 0.00 M/s, Avg Speed: 0.00 M/s, Max Resolution: None
Category: ☘️吉林频道, Name: 延边朝鲜语综合, Total: 2, Valid: 0, Valid Percent: 0.00%, Whitelist: 0, IPv4: 2, IPv6: 0, Min Delay: -1 ms, Max Speed: 0.00 M/s, Avg Speed: 0.00 M/s, Max Resolution: 1280x720
Category: ☘️吉林频道, Name: 延边汉语综合, Total: 2, Valid: 0, Valid Percent: 0.00%, Whitelist: 0, IPv4: 2, IPv6: 0, Min Delay: -1 ms, Max Speed: 0.00 M/s, Avg Speed: 0.00 M/s, Max Resolution: None
Category: ☘️吉林频道, Name: 长白山电视台, Total: 2, Valid: 1, Valid Percent: 50.00%, Whitelist: 0, IPv4: 2, IPv6: 0, Min Delay: 1877 ms, Max Speed: 0.06 M/s, Avg Speed: 0.06 M/s, Max Resolution: 320x240
Category: ☘️安徽频道, Name: 岳西综合, Total: 2, Valid: 0, Valid Percent: 0.00%, Whitelist: 0, IPv4: 2, IPv6: 0, Min Delay: -1 ms, Max Speed: 0.00 M/s, Avg Speed: 0.00 M/s, Max Resolution: 1920x1080
Category: ☘️安徽频道, Name: 安徽影院, Total: 3, Valid: 0, Valid Percent: 0.00%, Whitelist: 0, IPv4: 3, IPv6: 0, Min Delay: -1 ms, Max Speed: 0.00 M/s, Avg Speed: 0.00 M/s, Max Resolution: None
Category: ☘️吉林频道, Name: 长白新闻综合, Total: 1, Valid: 0, Valid Percent: 0.00%, Whitelist: 0, IPv4: 1, IPv6: 0, Min Delay: -1 ms, Max Speed: 0.00 M/s, Avg Speed: 0.00 M/s, Max Resolution: None
Category: ☘️吉林频道, Name: 敦化一套, Total: 3, Valid: 2, Valid Percent: 66.67%, Whitelist: 0, IPv4: 3, IPv6: 0, Min Delay: 1184 ms, Max Speed: 0.11 M/s, Avg Speed: 0.10 M/s, Max Resolution: 720x576
Category: ☘️吉林频道, Name: 九台综合, Total: 4, Valid: 3, Valid Percent: 75.00%, Whitelist: 0, IPv4: 4, IPv6: 0, Min Delay: 3382 ms, Max Speed: 0.19 M/s, Avg Speed: 0.16 M/s, Max Resolution: 720x576
Category: ☘️吉林频道, Name: 靖宇综合, Total: 1, Valid: 1, Valid Percent: 100.00%, Whitelist: 0, IPv4: 1, IPv6: 0, Min Delay: 704 ms, Max Speed: 0.05 M/s, Avg Speed: 0.05 M/s, Max Resolution: None
Category: ☘️宁夏频道, Name: 宁夏少儿, Total: 7, Valid: 0, Valid Percent: 0.00%, Whitelist: 0, IPv4: 7, IPv6: 0, Min Delay: -1 ms, Max Speed: 0.00 M/s, Avg Speed: 0.00 M/s, Max Resolution: 1920x1080
Category: ☘️吉林频道, Name: 梅河口综合, Total: 1, Valid: 1, Valid Percent: 100.00%, Whitelist: 0, IPv4: 1, IPv6: 0, Min Delay: 621 ms, Max Speed: 0.05 M/s, Avg Speed: 0.05 M/s, Max Resolution: None
Category: ☘️吉林频道, Name: 龙井综合, Total: 1, Valid: 1, Valid Percent: 100.00%, Whitelist: 0, IPv4: 1, IPv6: 0, Min Delay: 1586 ms, Max Speed: 0.04 M/s, Avg Speed: 0.04 M/s, Max Resolution: None
Category: ☘️吉林频道, Name: 桦甸综合, Total: 1, Valid: 1, Valid Percent: 100.00%, Whitelist: 0, IPv4: 1, IPv6: 0, Min Delay: 866 ms, Max Speed: 0.05 M/s, Avg Speed: 0.05 M/s, Max Resolution: None
Category: ☘️吉林频道, Name: 磐石综合, Total: 1, Valid: 1, Valid Percent: 100.00%, Whitelist: 0, IPv4: 1, IPv6: 0, Min Delay: 1645 ms, Max Speed: 0.04 M/s, Avg Speed: 0.04 M/s, Max Resolution: None
Category: ☘️吉林频道, Name: 舒兰新闻综合, Total: 2, Valid: 2, Valid Percent: 100.00%, Whitelist: 0, IPv4: 2, IPv6: 0, Min Delay: 1722 ms, Max Speed: 0.07 M/s, Avg Speed: 0.06 M/s, Max Resolution: 320x240
Category: ☘️吉林频道, Name: 延边-2, Total: 6, Valid: 2, Valid Percent: 33.33%, Whitelist: 0, IPv4: 6, IPv6: 0, Min Delay: 1406 ms, Max Speed: 0.10 M/s, Avg Speed: 0.09 M/s, Max Resolution: 1280x720
Category: ☘️吉林频道, Name: 东丰综合, Total: 1, Valid: 1, Valid Percent: 100.00%, Whitelist: 0, IPv4: 1, IPv6: 0, Min Delay: 1011 ms, Max Speed: 0.04 M/s, Avg Speed: 0.04 M/s, Max Resolution: None
Category: ☘️吉林频道, Name: 双辽综合, Total: 1, Valid: 1, Valid Percent: 100.00%, Whitelist: 0, IPv4: 1, IPv6: 0, Min Delay: 814 ms, Max Speed: 0.05 M/s, Avg Speed: 0.05 M/s, Max Resolution: None
Category: ☘️吉林频道, Name: 德惠综合, Total: 5, Valid: 2, Valid Percent: 40.00%, Whitelist: 0, IPv4: 5, IPv6: 0, Min Delay: 10633 ms, Max Speed: 0.17 M/s, Avg Speed: 0.15 M/s, Max Resolution: 720x576
Category: ☘️吉林频道, Name: 柳河综合, Total: 1, Valid: 1, Valid Percent: 100.00%, Whitelist: 0, IPv4: 1, IPv6: 0, Min Delay: 1433 ms, Max Speed: 0.03 M/s, Avg Speed: 0.03 M/s, Max Resolution: None
Category: ☘️吉林频道, Name: 通化县综合, Total: 1, Valid: 1, Valid Percent: 100.00%, Whitelist: 0, IPv4: 1, IPv6: 0, Min Delay: 997 ms, Max Speed: 0.04 M/s, Avg Speed: 0.04 M/s, Max Resolution: None
Category: ☘️内蒙古频道, Name: 内蒙少儿, Total: 2, Valid: 0, Valid Percent: 0.00%, Whitelist: 0, IPv4: 2, IPv6: 0, Min Delay: -1 ms, Max Speed: 0.00 M/s, Avg Speed: 0.00 M/s, Max Resolution: None
Category: ☘️内蒙古频道, Name: 内蒙新闻, Total: 1, Valid: 0, Valid Percent: 0.00%, Whitelist: 0, IPv4: 1, IPv6: 0, Min Delay: -1 ms, Max Speed: 0.00 M/s, Avg Speed: 0.00 M/s, Max Resolution: 1920x1080
Category: ☘️内蒙古频道, Name: 蒙语文化, Total: 3, Valid: 0, Valid Percent: 0.00%, Whitelist: 0, IPv4: 3, IPv6: 0, Min Delay: -1 ms, Max Speed: 0.00 M/s, Avg Speed: 0.00 M/s, Max Resolution: None
Category: ☘️云南频道, Name: 巧家综合, Total: 1, Valid: 0, Valid Percent: 0.00%, Whitelist: 0, IPv4: 1, IPv6: 0, Min Delay: -1 ms, Max Speed: 0.00 M/s, Avg Speed: 0.00 M/s, Max Resolution: 1920x1080
Category: ☘️云南频道, Name: 屏边综合, Total: 1, Valid: 0, Valid Percent: 0.00%, Whitelist: 0, IPv4: 1, IPv6: 0, Min Delay: -1 ms, Max Speed: 0.00 M/s, Avg Speed: 0.00 M/s, Max Resolution: None
Category: ☘️云南频道, Name: 峨山电视, Total: 2, Valid: 0, Valid Percent: 0.00%, Whitelist: 0, IPv4: 2, IPv6: 0, Min Delay: -1 ms, Max Speed: 0.00 M/s, Avg Speed: 0.00 M/s, Max Resolution: None
Category: ☘️云南频道, Name: 开远综合, Total: 1, Valid: 0, Valid Percent: 0.00%, Whitelist: 0, IPv4: 1, IPv6: 0, Min Delay: -1 ms, Max Speed: 0.00 M/s, Avg Speed: 0.00 M/s, Max Resolution: None
Category: ☘️内蒙古频道, Name: 内蒙古文体娱乐, Total: 1, Valid: 1, Valid Percent: 100.00%, Whitelist: 0, IPv4: 1, IPv6: 0, Min Delay: 1704 ms, Max Speed: 0.66 M/s, Avg Speed: 0.66 M/s, Max Resolution: 1920x1080
Category: ☘️云南频道, Name: 施甸综合, Total: 2, Valid: 0, Valid Percent: 0.00%, Whitelist: 0, IPv4: 2, IPv6: 0, Min Delay: -1 ms, Max Speed: 0.00 M/s, Avg Speed: 0.00 M/s, Max Resolution: None
Category: ☘️内蒙古频道, Name: 内蒙农牧, Total: 1, Valid: 1, Valid Percent: 100.00%, Whitelist: 0, IPv4: 1, IPv6: 0, Min Delay: 1746 ms, Max Speed: 0.67 M/s, Avg Speed: 0.67 M/s, Max Resolution: 1920x1080
Category: ☘️云南频道, Name: 梁河综合, Total: 1, Valid: 0, Valid Percent: 0.00%, Whitelist: 0, IPv4: 1, IPv6: 0, Min Delay: -1 ms, Max Speed: 0.00 M/s, Avg Speed: 0.00 M/s, Max Resolution: None
Category: ☘️云南频道, Name: 福贡综合, Total: 1, Valid: 0, Valid Percent: 0.00%, Whitelist: 0, IPv4: 1, IPv6: 0, Min Delay: -1 ms, Max Speed: 0.00 M/s, Avg Speed: 0.00 M/s, Max Resolution: None
Category: ☘️云南频道, Name: 瑞丽综合, Total: 1, Valid: 0, Valid Percent: 0.00%, Whitelist: 0, IPv4: 1, IPv6: 0, Min Delay: -1 ms, Max Speed: 0.00 M/s, Avg Speed: 0.00 M/s, Max Resolution: None
Category: ☘️云南频道, Name: 盈江综合, Total: 1, Valid: 0, Valid Percent: 0.00%, Whitelist: 0, IPv4: 1, IPv6: 0, Min Delay: -1 ms, Max Speed: 0.00 M/s, Avg Speed: 0.00 M/s, Max Resolution: None
Category: ☘️云南频道, Name: 绥江综合, Total: 1, Valid: 0, Valid Percent: 0.00%, Whitelist: 0, IPv4: 1, IPv6: 0, Min Delay: -1 ms, Max Speed: 0.00 M/s, Avg Speed: 0.00 M/s, Max Resolution: None
Category: ☘️云南频道, Name: 红河州新闻综合, Total: 1, Valid: 0, Valid Percent: 0.00%, Whitelist: 0, IPv4: 1, IPv6: 0, Min Delay: -1 ms, Max Speed: 0.00 M/s, Avg Speed: 0.00 M/s, Max Resolution: None
Category: ☘️云南频道, Name: 砚山电视台, Total: 1, Valid: 0, Valid Percent: 0.00%, Whitelist: 0, IPv4: 1, IPv6: 0, Min Delay: -1 ms, Max Speed: 0.00 M/s, Avg Speed: 0.00 M/s, Max Resolution: None
Category: ☘️云南频道, Name: 石屏综合, Total: 1, Valid: 0, Valid Percent: 0.00%, Whitelist: 0, IPv4: 1, IPv6: 0, Min Delay: -1 ms, Max Speed: 0.00 M/s, Avg Speed: 0.00 M/s, Max Resolution: None
Category: ☘️云南频道, Name: 芒市综合, Total: 2, Valid: 0, Valid Percent: 0.00%, Whitelist: 0, IPv4: 2, IPv6: 0, Min Delay: -1 ms, Max Speed: 0.00 M/s, Avg Speed: 0.00 M/s, Max Resolution: None
Category: ☘️云南频道, Name: 易门综合, Total: 1, Valid: 1, Valid Percent: 100.00%, Whitelist: 0, IPv4: 1, IPv6: 0, Min Delay: 1659 ms, Max Speed: 0.21 M/s, Avg Speed: 0.21 M/s, Max Resolution: 1920x1080
Category: ☘️云南频道, Name: 西双版纳公共, Total: 1, Valid: 0, Valid Percent: 0.00%, Whitelist: 0, IPv4: 1, IPv6: 0, Min Delay: -1 ms, Max Speed: 0.00 M/s, Avg Speed: 0.00 M/s, Max Resolution: None
Category: ☘️云南频道, Name: 贡山综合, Total: 1, Valid: 0, Valid Percent: 0.00%, Whitelist: 0, IPv4: 1, IPv6: 0, Min Delay: -1 ms, Max Speed: 0.00 M/s, Avg Speed: 0.00 M/s, Max Resolution: None
Category: ☘️云南频道, Name: 腾冲综合, Total: 1, Valid: 1, Valid Percent: 100.00%, Whitelist: 0, IPv4: 1, IPv6: 0, Min Delay: 932 ms, Max Speed: 0.02 M/s, Avg Speed: 0.02 M/s, Max Resolution: None
Category: ☘️云南频道, Name: 西双版纳综合, Total: 2, Valid: 0, Valid Percent: 0.00%, Whitelist: 0, IPv4: 2, IPv6: 0, Min Delay: -1 ms, Max Speed: 0.00 M/s, Avg Speed: 0.00 M/s, Max Resolution: 1280x720
Category: ☘️云南频道, Name: 蒙自综合, Total: 2, Valid: 0, Valid Percent: 0.00%, Whitelist: 0, IPv4: 2, IPv6: 0, Min Delay: -1 ms, Max Speed: 0.00 M/s, Avg Speed: 0.00 M/s, Max Resolution: None
Category: ☘️云南频道, Name: 金平综合, Total: 2, Valid: 1, Valid Percent: 50.00%, Whitelist: 0, IPv4: 2, IPv6: 0, Min Delay: 821 ms, Max Speed: 0.02 M/s, Avg Speed: 0.02 M/s, Max Resolution: None
Category: ☘️云南频道, Name: 通海电视台, Total: 1, Valid: 1, Valid Percent: 100.00%, Whitelist: 0, IPv4: 1, IPv6: 0, Min Delay: 1346 ms, Max Speed: 0.14 M/s, Avg Speed: 0.14 M/s, Max Resolution: 1920x1080
Category: ☘️云南频道, Name: 江川综合, Total: 2, Valid: 0, Valid Percent: 0.00%, Whitelist: 0, IPv4: 2, IPv6: 0, Min Delay: -1 ms, Max Speed: 0.00 M/s, Avg Speed: 0.00 M/s, Max Resolution: None
Category: ☘️云南频道, Name: 陇川综合, Total: 1, Valid: 1, Valid Percent: 100.00%, Whitelist: 0, IPv4: 1, IPv6: 0, Min Delay: 1893 ms, Max Speed: 0.62 M/s, Avg Speed: 0.62 M/s, Max Resolution: 1920x1080
Category: ☘️云南频道, Name: 麻栗坡电视台, Total: 1, Valid: 1, Valid Percent: 100.00%, Whitelist: 0, IPv4: 1, IPv6: 0, Min Delay: 579 ms, Max Speed: 0.07 M/s, Avg Speed: 0.07 M/s, Max Resolution: 1920x1080
Category: ☘️吉林频道, Name: 辉南新闻综合, Total: 4, Valid: 3, Valid Percent: 75.00%, Whitelist: 0, IPv4: 4, IPv6: 0, Min Delay: 3210 ms, Max Speed: 0.17 M/s, Avg Speed: 0.14 M/s, Max Resolution: 720x576
Category: ☘️吉林频道, Name: 汪清综合, Total: 4, Valid: 3, Valid Percent: 75.00%, Whitelist: 0, IPv4: 4, IPv6: 0, Min Delay: 1460 ms, Max Speed: 0.08 M/s, Avg Speed: 0.07 M/s, Max Resolution: 720x576
Category: ☘️云南频道, Name: 美丽云南, Total: 2, Valid: 0, Valid Percent: 0.00%, Whitelist: 0, IPv4: 2, IPv6: 0, Min Delay: -1 ms, Max Speed: 0.00 M/s, Avg Speed: 0.00 M/s, Max Resolution: 720x576
Category: ☘️云南频道, Name: 云南澜湄国际, Total: 1, Valid: 0, Valid Percent: 0.00%, Whitelist: 0, IPv4: 1, IPv6: 0, Min Delay: -1 ms, Max Speed: 0.00 M/s, Avg Speed: 0.00 M/s, Max Resolution: None
Category: ☘️云南频道, Name: 普洱新闻综合, Total: 2, Valid: 0, Valid Percent: 0.00%, Whitelist: 0, IPv4: 2, IPv6: 0, Min Delay: -1 ms, Max Speed: 0.00 M/s, Avg Speed: 0.00 M/s, Max Resolution: None
Category: ☘️云南频道, Name: 云南都市, Total: 7, Valid: 1, Valid Percent: 14.29%, Whitelist: 0, IPv4: 7, IPv6: 0, Min Delay: 1617 ms, Max Speed: 0.25 M/s, Avg Speed: 0.25 M/s, Max Resolution: 1280x720
Category: ☘️云南频道, Name: 云南娱乐, Total: 7, Valid: 1, Valid Percent: 14.29%, Whitelist: 0, IPv4: 7, IPv6: 0, Min Delay: 1606 ms, Max Speed: 0.26 M/s, Avg Speed: 0.26 M/s, Max Resolution: 1920x1080
Category: ☘️云南频道, Name: 云南少儿, Total: 6, Valid: 0, Valid Percent: 0.00%, Whitelist: 0, IPv4: 6, IPv6: 0, Min Delay: -1 ms, Max Speed: 0.00 M/s, Avg Speed: 0.00 M/s, Max Resolution: 1920x1080
Category: ☘️青海频道, Name: 海西州综合, Total: 1, Valid: 0, Valid Percent: 0.00%, Whitelist: 0, IPv4: 1, IPv6: 0, Min Delay: -1 ms, Max Speed: 0.00 M/s, Avg Speed: 0.00 M/s, Max Resolution: None
Category: ☘️青海频道, Name: 门源综合, Total: 4, Valid: 0, Valid Percent: 0.00%, Whitelist: 0, IPv4: 4, IPv6: 0, Min Delay: -1 ms, Max Speed: 0.00 M/s, Avg Speed: 0.00 M/s, Max Resolution: 1920x1080
Category: ☘️青海频道, Name: 贵南综合, Total: 3, Valid: 0, Valid Percent: 0.00%, Whitelist: 0, IPv4: 3, IPv6: 0, Min Delay: -1 ms, Max Speed: 0.00 M/s, Avg Speed: 0.00 M/s, Max Resolution: 800x450
Category: ☘️青海频道, Name: 化隆综合, Total: 4, Valid: 0, Valid Percent: 0.00%, Whitelist: 0, IPv4: 4, IPv6: 0, Min Delay: -1 ms, Max Speed: 0.00 M/s, Avg Speed: 0.00 M/s, Max Resolution: 1280x720
Category: ☘️青海频道, Name: 民和综合, Total: 4, Valid: 0, Valid Percent: 0.00%, Whitelist: 0, IPv4: 4, IPv6: 0, Min Delay: -1 ms, Max Speed: 0.00 M/s, Avg Speed: 0.00 M/s, Max Resolution: 1920x1080
Category: ☘️青海频道, Name: 兴海综合, Total: 5, Valid: 0, Valid Percent: 0.00%, Whitelist: 0, IPv4: 5, IPv6: 0, Min Delay: -1 ms, Max Speed: 0.00 M/s, Avg Speed: 0.00 M/s, Max Resolution: 1920x1080
Category: ☘️青海频道, Name: 大通电视台, Total: 2, Valid: 0, Valid Percent: 0.00%, Whitelist: 0, IPv4: 2, IPv6: 0, Min Delay: -1 ms, Max Speed: 0.00 M/s, Avg Speed: 0.00 M/s, Max Resolution: None
Category: ☘️黑龙江频道, Name: 哈尔滨资讯, Total: 1, Valid: 1, Valid Percent: 100.00%, Whitelist: 0, IPv4: 1, IPv6: 0, Min Delay: 1445 ms, Max Speed: 0.02 M/s, Avg Speed: 0.02 M/s, Max Resolution: 640x480
Category: ☘️青海频道, Name: 青海经视, Total: 4, Valid: 0, Valid Percent: 0.00%, Whitelist: 0, IPv4: 4, IPv6: 0, Min Delay: -1 ms, Max Speed: 0.00 M/s, Avg Speed: 0.00 M/s, Max Resolution: None
Category: ☘️黑龙江频道, Name: 黑龙江科教, Total: 1, Valid: 0, Valid Percent: 0.00%, Whitelist: 0, IPv4: 1, IPv6: 0, Min Delay: -1 ms, Max Speed: 0.00 M/s, Avg Speed: 0.00 M/s, Max Resolution: None
Category: ☘️黑龙江频道, Name: 哈尔滨影视, Total: 9, Valid: 5, Valid Percent: 55.56%, Whitelist: 0, IPv4: 9, IPv6: 0, Min Delay: 251 ms, Max Speed: 0.02 M/s, Avg Speed: 0.01 M/s, Max Resolution: 720x576
Category: ☘️黑龙江频道, Name: 哈尔滨娱乐, Total: 5, Valid: 4, Valid Percent: 80.00%, Whitelist: 0, IPv4: 5, IPv6: 0, Min Delay: 3956 ms, Max Speed: 9.73 M/s, Avg Speed: 4.87 M/s, Max Resolution: 640x480
Category: ☘️黑龙江频道, Name: 哈尔滨生活, Total: 9, Valid: 4, Valid Percent: 44.44%, Whitelist: 0, IPv4: 9, IPv6: 0, Min Delay: 253 ms, Max Speed: 0.02 M/s, Avg Speed: 0.02 M/s, Max Resolution: 720x576
Category: ☘️黑龙江频道, Name: 七台河民生社教, Total: 1, Valid: 0, Valid Percent: 0.00%, Whitelist: 0, IPv4: 1, IPv6: 0, Min Delay: -1 ms, Max Speed: 0.00 M/s, Avg Speed: 0.00 M/s, Max Resolution: 1280x720
Category: ☘️黑龙江频道, Name: 双鸭山综合, Total: 3, Valid: 1, Valid Percent: 33.33%, Whitelist: 0, IPv4: 3, IPv6: 0, Min Delay: 2588 ms, Max Speed: 0.38 M/s, Avg Speed: 0.38 M/s, Max Resolution: 1280x720
Category: 🌊港·澳·台, Name: 翡翠台, Total: 4, Valid: 4, Valid Percent: 100.00%, Whitelist: 0, IPv4: 4, IPv6: 0, Min Delay: 22 ms, Max Speed: 13.83 M/s, Avg Speed: 8.07 M/s, Max Resolution: 1920x1080
Category: 🌊港·澳·台, Name: 凤凰中文, Total: 3, Valid: 3, Valid Percent: 100.00%, Whitelist: 0, IPv4: 3, IPv6: 0, Min Delay: 23 ms, Max Speed: 33.79 M/s, Avg Speed: 15.77 M/s, Max Resolution: 1920x1080
Category: 🌊港·澳·台, Name: 凤凰资讯, Total: 1, Valid: 1, Valid Percent: 100.00%, Whitelist: 0, IPv4: 1, IPv6: 0, Min Delay: 105 ms, Max Speed: 0.25 M/s, Avg Speed: 0.25 M/s, Max Resolution: None
Category: 🌊港·澳·台, Name: 纬来育乐, Total: 1, Valid: 1, Valid Percent: 100.00%, Whitelist: 0, IPv4: 1, IPv6: 0, Min Delay: 28 ms, Max Speed: 10.87 M/s, Avg Speed: 10.87 M/s, Max Resolution: 1920x1080
Category: 🌊港·澳·台, Name: 纬来体育, Total: 4, Valid: 4, Valid Percent: 100.00%, Whitelist: 0, IPv4: 4, IPv6: 0, Min Delay: 23 ms, Max Speed: 13.38 M/s, Avg Speed: 13.02 M/s, Max Resolution: 1920x1080
Category: 🌊港·澳·台, Name: Viutv, Total: 1, Valid: 1, Valid Percent: 100.00%, Whitelist: 0, IPv4: 1, IPv6: 0, Min Delay: 22 ms, Max Speed: 14.21 M/s, Avg Speed: 14.21 M/s, Max Resolution: 1920x1080
Category: 🌊港·澳·台, Name: 三立台湾, Total: 1, Valid: 1, Valid Percent: 100.00%, Whitelist: 0, IPv4: 1, IPv6: 0, Min Delay: 22 ms, Max Speed: 13.71 M/s, Avg Speed: 13.71 M/s, Max Resolution: 1920x1080
Category: 🌊港·澳·台, Name: 三立新闻, Total: 1, Valid: 1, Valid Percent: 100.00%, Whitelist: 0, IPv4: 1, IPv6: 0, Min Delay: 24 ms, Max Speed: 12.97 M/s, Avg Speed: 12.97 M/s, Max Resolution: 1920x1080
Category: 🌊港·澳·台, Name: 凤凰香港, Total: 2, Valid: 2, Valid Percent: 100.00%, Whitelist: 0, IPv4: 2, IPv6: 0, Min Delay: 25 ms, Max Speed: 12.29 M/s, Avg Speed: 6.22 M/s, Max Resolution: 1920x1080
Category: 🌊港·澳·台, Name: 东森综合, Total: 3, Valid: 3, Valid Percent: 100.00%, Whitelist: 0, IPv4: 3, IPv6: 0, Min Delay: 24 ms, Max Speed: 12.63 M/s, Avg Speed: 12.15 M/s, Max Resolution: 1920x1080
Category: 🌊港·澳·台, Name: 东森超视, Total: 3, Valid: 3, Valid Percent: 100.00%, Whitelist: 0, IPv4: 3, IPv6: 0, Min Delay: 25 ms, Max Speed: 12.41 M/s, Avg Speed: 6.46 M/s, Max Resolution: 1920x1080
Category: 🌊港·澳·台, Name: 东森电影, Total: 1, Valid: 1, Valid Percent: 100.00%, Whitelist: 0, IPv4: 1, IPv6: 0, Min Delay: 26 ms, Max Speed: 11.93 M/s, Avg Speed: 11.93 M/s, Max Resolution: 1920x1080
Category: ☘️黑龙江频道, Name: 大庆公共, Total: 1, Valid: 0, Valid Percent: 0.00%, Whitelist: 0, IPv4: 1, IPv6: 0, Min Delay: -1 ms, Max Speed: 0.00 M/s, Avg Speed: 0.00 M/s, Max Resolution: None
Category: 🌊港·澳·台, Name: 靖天资讯, Total: 1, Valid: 1, Valid Percent: 100.00%, Whitelist: 0, IPv4: 1, IPv6: 0, Min Delay: 27 ms, Max Speed: 11.44 M/s, Avg Speed: 11.44 M/s, Max Resolution: 1920x1080
Category: 🌊港·澳·台, Name: 星卫娱乐, Total: 1, Valid: 0, Valid Percent: 0.00%, Whitelist: 0, IPv4: 1, IPv6: 0, Min Delay: -1 ms, Max Speed: 0.00 M/s, Avg Speed: 0.00 M/s, Max Resolution: None
Category: ☘️黑龙江频道, Name: 七台河新闻综合, Total: 4, Valid: 1, Valid Percent: 25.00%, Whitelist: 0, IPv4: 4, IPv6: 0, Min Delay: 2483 ms, Max Speed: 0.39 M/s, Avg Speed: 0.39 M/s, Max Resolution: 1280x720
Category: ☘️黑龙江频道, Name: 萝北综合, Total: 1, Valid: 0, Valid Percent: 0.00%, Whitelist: 0, IPv4: 1, IPv6: 0, Min Delay: -1 ms, Max Speed: 0.00 M/s, Avg Speed: 0.00 M/s, Max Resolution: None
Category: ☘️黑龙江频道, Name: 甘南县综合, Total: 3, Valid: 0, Valid Percent: 0.00%, Whitelist: 0, IPv4: 3, IPv6: 0, Min Delay: 5130 ms, Max Speed: 0.00 M/s, Avg Speed: 0.00 M/s, Max Resolution: None
Category: 🎬电影频道, Name: 经典电影, Total: 1, Valid: 1, Valid Percent: 100.00%, Whitelist: 0, IPv4: 1, IPv6: 0, Min Delay: 24 ms, Max Speed: 12.80 M/s, Avg Speed: 12.80 M/s, Max Resolution: 1920x1080
Category: 🎬电影频道, Name: 靖天戏剧, Total: 1, Valid: 1, Valid Percent: 100.00%, Whitelist: 0, IPv4: 1, IPv6: 0, Min Delay: 25 ms, Max Speed: 12.18 M/s, Avg Speed: 12.18 M/s, Max Resolution: 1920x1080
Category: 🎬电影频道, Name: 靖天映画, Total: 1, Valid: 1, Valid Percent: 100.00%, Whitelist: 0, IPv4: 1, IPv6: 0, Min Delay: 26 ms, Max Speed: 12.05 M/s, Avg Speed: 12.05 M/s, Max Resolution: 1920x1080
Category: 🎬电影频道, Name: 天映经典, Total: 1, Valid: 1, Valid Percent: 100.00%, Whitelist: 0, IPv4: 1, IPv6: 0, Min Delay: 28 ms, Max Speed: 11.06 M/s, Avg Speed: 11.06 M/s, Max Resolution: 1920x1080
Category: 🎬电影频道, Name: 私人影院, Total: 1, Valid: 0, Valid Percent: 0.00%, Whitelist: 0, IPv4: 1, IPv6: 0, Min Delay: -1 ms, Max Speed: 0.00 M/s, Avg Speed: 0.00 M/s, Max Resolution: None
Category: 🎬电影频道, Name: 星空卫视, Total: 1, Valid: 1, Valid Percent: 100.00%, Whitelist: 0, IPv4: 1, IPv6: 0, Min Delay: 25 ms, Max Speed: 12.12 M/s, Avg Speed: 12.12 M/s, Max Resolution: 1920x1080
Category: 🎬电影频道, Name: IPTV经典电影, Total: 1, Valid: 1, Valid Percent: 100.00%, Whitelist: 0, IPv4: 1, IPv6: 0, Min Delay: 41 ms, Max Speed: 9.57 M/s, Avg Speed: 9.57 M/s, Max Resolution: 1920x1080
Category: 🎬电影频道, Name: 东森洋片, Total: 1, Valid: 1, Valid Percent: 100.00%, Whitelist: 0, IPv4: 1, IPv6: 0, Min Delay: 23 ms, Max Speed: 13.14 M/s, Avg Speed: 13.14 M/s, Max Resolution: 1920x1080
Category: 🎥咪咕直播, Name: 咪咕直播1, Total: 1, Valid: 0, Valid Percent: 0.00%, Whitelist: 0, IPv4: 1, IPv6: 0, Min Delay: -1 ms, Max Speed: 0.00 M/s, Avg Speed: 0.00 M/s, Max Resolution: None
Category: 🌊港·澳·台, Name: Now华剧, Total: 5, Valid: 1, Valid Percent: 20.00%, Whitelist: 0, IPv4: 5, IPv6: 0, Min Delay: 4011 ms, Max Speed: 0.02 M/s, Avg Speed: 0.02 M/s, Max Resolution: 1280x720
Category: 🎬电影频道, Name: CHC高清电影, Total: 12, Valid: 3, Valid Percent: 25.00%, Whitelist: 0, IPv4: 12, IPv6: 0, Min Delay: 10005 ms, Max Speed: 0.09 M/s, Avg Speed: 0.04 M/s, Max Resolution: 1920x1080
Category: 🏀体育频道, Name: 天津体育, Total: 1, Valid: 1, Valid Percent: 100.00%, Whitelist: 0, IPv4: 1, IPv6: 0, Min Delay: 602 ms, Max Speed: 0.12 M/s, Avg Speed: 0.12 M/s, Max Resolution: 1920x1080
Category: 🏀体育频道, Name: 足球频道, Total: 1, Valid: 0, Valid Percent: 0.00%, Whitelist: 0, IPv4: 1, IPv6: 0, Min Delay: -1 ms, Max Speed: 0.00 M/s, Avg Speed: 0.00 M/s, Max Resolution: None
Category: 🪁动画频道, Name: CN卡通, Total: 1, Valid: 1, Valid Percent: 100.00%, Whitelist: 0, IPv4: 1, IPv6: 0, Min Delay: 23 ms, Max Speed: 13.23 M/s, Avg Speed: 13.23 M/s, Max Resolution: 1920x1080
Category: 🏀体育频道, Name: JJ斗地主, Total: 1, Valid: 0, Valid Percent: 0.00%, Whitelist: 0, IPv4: 1, IPv6: 0, Min Delay: -1 ms, Max Speed: 0.00 M/s, Avg Speed: 0.00 M/s, Max Resolution: None
Category: 🪁动画频道, Name: 24H国漫热播, Total: 3, Valid: 1, Valid Percent: 33.33%, Whitelist: 0, IPv4: 3, IPv6: 0, Min Delay: 67 ms, Max Speed: 6.95 M/s, Avg Speed: 6.95 M/s, Max Resolution: 1920x1080
Category: 🪁动画频道, Name: 斗破苍穹玄幻剧, Total: 1, Valid: 0, Valid Percent: 0.00%, Whitelist: 0, IPv4: 1, IPv6: 0, Min Delay: -1 ms, Max Speed: 0.00 M/s, Avg Speed: 0.00 M/s, Max Resolution: None
Category: 🪁动画频道, Name: 蜡笔小新, Total: 1, Valid: 1, Valid Percent: 100.00%, Whitelist: 0, IPv4: 1, IPv6: 0, Min Delay: 74 ms, Max Speed: 6.89 M/s, Avg Speed: 6.89 M/s, Max Resolution: 1920x1080
Category: 🎮游戏频道, Name: 电竞游戏, Total: 1, Valid: 0, Valid Percent: 0.00%, Whitelist: 0, IPv4: 1, IPv6: 0, Min Delay: -1 ms, Max Speed: 0.00 M/s, Avg Speed: 0.00 M/s, Max Resolution: None
Category: 🎵音乐频道, Name: 音乐现场, Total: 2, Valid: 2, Valid Percent: 100.00%, Whitelist: 0, IPv4: 2, IPv6: 0, Min Delay: 18 ms, Max Speed: 5.55 M/s, Avg Speed: 3.32 M/s, Max Resolution: None
Category: 🏀体育频道, Name: 体育赛事, Total: 8, Valid: 0, Valid Percent: 0.00%, Whitelist: 0, IPv4: 8, IPv6: 0, Min Delay: -1 ms, Max Speed: 0.00 M/s, Avg Speed: 0.00 M/s, Max Resolution: None
Category: 🏛经典剧场, Name: 闯关东, Total: 2, Valid: 0, Valid Percent: 0.00%, Whitelist: 0, IPv4: 2, IPv6: 0, Min Delay: -1 ms, Max Speed: 0.00 M/s, Avg Speed: 0.00 M/s, Max Resolution: 1280x720
Category: 🏀体育频道, Name: 成都体育, Total: 2, Valid: 0, Valid Percent: 0.00%, Whitelist: 0, IPv4: 2, IPv6: 0, Min Delay: -1 ms, Max Speed: 0.00 M/s, Avg Speed: 0.00 M/s, Max Resolution: None
Category: 🎵音乐频道, Name: 潮流音乐, Total: 1, Valid: 1, Valid Percent: 100.00%, Whitelist: 0, IPv4: 1, IPv6: 0, Min Delay: 10979 ms, Max Speed: 0.03 M/s, Avg Speed: 0.03 M/s, Max Resolution: None
Category: 🏀体育频道, Name: 吉林篮球, Total: 1, Valid: 0, Valid Percent: 0.00%, Whitelist: 0, IPv4: 1, IPv6: 0, Min Delay: -1 ms, Max Speed: 0.00 M/s, Avg Speed: 0.00 M/s, Max Resolution: None
Category: 🎮游戏频道, Name: 游戏竞技, Total: 4, Valid: 0, Valid Percent: 0.00%, Whitelist: 0, IPv4: 4, IPv6: 0, Min Delay: -1 ms, Max Speed: 0.00 M/s, Avg Speed: 0.00 M/s, Max Resolution: 1528x874
Category: 🎮游戏频道, Name: 海看电竞, Total: 3, Valid: 0, Valid Percent: 0.00%, Whitelist: 0, IPv4: 3, IPv6: 0, Min Delay: -1 ms, Max Speed: 0.00 M/s, Avg Speed: 0.00 M/s, Max Resolution: None
Category: 🎵音乐频道, Name: 音乐调频广播, Total: 1, Valid: 0, Valid Percent: 0.00%, Whitelist: 0, IPv4: 1, IPv6: 0, Min Delay: -1 ms, Max Speed: 0.00 M/s, Avg Speed: 0.00 M/s, Max Resolution: None
